"","time_conv","f_id"
"1",2006-10-04,5
"2",2006-10-05,0
"3",2006-10-06,0
"4",2006-10-07,0
"5",2006-10-08,0
"6",2006-10-09,0
"7",2006-10-10,0
"8",2006-10-11,0
"9",2006-10-12,0
"10",2006-10-13,0
"11",2006-10-14,0
"12",2006-10-15,0
"13",2006-10-16,0
"14",2006-10-17,0
"15",2006-10-18,0
"16",2006-10-19,0
"17",2006-10-20,0
"18",2006-10-21,0
"19",2006-10-22,0
"20",2006-10-23,0
"21",2006-10-24,0
"22",2006-10-25,0
"23",2006-10-26,0
"24",2006-10-27,0
"25",2006-10-28,0
"26",2006-10-29,25
"27",2006-10-30,0
"28",2006-10-31,0
"29",2006-11-01,123
"30",2006-11-02,233
"31",2006-11-03,165
"32",2006-11-04,0
"33",2006-11-05,0
"34",2006-11-06,0
"35",2006-11-07,0
"36",2006-11-08,0
"37",2006-11-09,0
"38",2006-11-10,0
"39",2006-11-11,0
"40",2006-11-12,0
"41",2006-11-13,0
"42",2006-11-14,0
"43",2006-11-15,0
"44",2006-11-16,0
"45",2006-11-17,0
"46",2006-11-18,0
"47",2006-11-19,0
"48",2006-11-20,0
"49",2006-11-21,0
"50",2006-11-22,102
"51",2006-11-23,0
"52",2006-11-24,0
"53",2006-11-25,0
"54",2006-11-26,0
"55",2006-11-27,0
"56",2006-11-28,0
"57",2006-11-29,0
"58",2006-11-30,0
"59",2006-12-01,0
"60",2006-12-02,0
"61",2006-12-03,0
"62",2006-12-04,0
"63",2006-12-05,0
"64",2006-12-06,0
"65",2006-12-07,0
"66",2006-12-08,0
"67",2006-12-09,0
"68",2006-12-10,13
"69",2006-12-11,0
"70",2006-12-12,0
"71",2006-12-13,0
"72",2006-12-14,0
"73",2006-12-15,0
"74",2006-12-16,0
"75",2006-12-17,0
"76",2006-12-18,0
"77",2006-12-19,0
"78",2006-12-20,0
"79",2006-12-21,0
"80",2006-12-22,0
"81",2006-12-23,0
"82",2006-12-24,0
"83",2006-12-25,0
"84",2006-12-26,0
"85",2006-12-27,0
"86",2006-12-28,0
"87",2006-12-29,0
"88",2006-12-30,0
"89",2006-12-31,0
"90",2007-01-01,0
"91",2007-01-02,50
"92",2007-01-03,53
"93",2007-01-04,0
"94",2007-01-05,0
"95",2007-01-06,0
"96",2007-01-07,0
"97",2007-01-08,0
"98",2007-01-09,0
"99",2007-01-10,0
"100",2007-01-11,0
"101",2007-01-12,63
"102",2007-01-13,0
"103",2007-01-14,0
"104",2007-01-15,0
"105",2007-01-16,0
"106",2007-01-17,0
"107",2007-01-18,0
"108",2007-01-19,61
"109",2007-01-20,0
"110",2007-01-21,0
"111",2007-01-22,0
"112",2007-01-23,0
"113",2007-01-24,94
"114",2007-01-25,9
"115",2007-01-26,0
"116",2007-01-27,136
"117",2007-01-28,1
"118",2007-01-29,0
"119",2007-01-30,0
"120",2007-01-31,0
"121",2007-02-01,0
"122",2007-02-02,0
"123",2007-02-03,69
"124",2007-02-04,0
"125",2007-02-05,0
"126",2007-02-06,0
"127",2007-02-07,0
"128",2007-02-08,0
"129",2007-02-09,0
"130",2007-02-10,0
"131",2007-02-11,0
"132",2007-02-12,0
"133",2007-02-13,88
"134",2007-02-14,0
"135",2007-02-15,59
"136",2007-02-16,0
"137",2007-02-17,0
"138",2007-02-18,0
"139",2007-02-19,0
"140",2007-02-20,0
"141",2007-02-21,0
"142",2007-02-22,0
"143",2007-02-23,0
"144",2007-02-24,0
"145",2007-02-25,0
"146",2007-02-26,24
"147",2007-02-27,46
"148",2007-02-28,0
"149",2007-03-01,0
"150",2007-03-02,79
"151",2007-03-03,44
"152",2007-03-04,1
"153",2007-03-05,0
"154",2007-03-06,0
"155",2007-03-07,0
"156",2007-03-08,83
"157",2007-03-09,11
"158",2007-03-10,180
"159",2007-03-11,0
"160",2007-03-12,0
"161",2007-03-13,0
"162",2007-03-14,0
"163",2007-03-15,0
"164",2007-03-16,0
"165",2007-03-17,0
"166",2007-03-18,0
"167",2007-03-19,105
"168",2007-03-20,263
"169",2007-03-21,241
"170",2007-03-22,138
"171",2007-03-23,55
"172",2007-03-24,9
"173",2007-03-25,0
"174",2007-03-26,0
"175",2007-03-27,0
"176",2007-03-28,0
"177",2007-03-29,0
"178",2007-03-30,0
"179",2007-03-31,0
"180",2007-04-01,0
"181",2007-04-02,0
"182",2007-04-03,0
"183",2007-04-04,0
"184",2007-04-05,0
"185",2007-04-06,0
"186",2007-04-07,0
"187",2007-04-08,0
"188",2007-04-09,0
"189",2007-04-10,0
"190",2007-04-11,0
"191",2007-04-12,0
"192",2007-04-13,0
"193",2007-04-14,0
"194",2007-04-15,0
"195",2007-04-16,0
"196",2007-04-17,0
"197",2007-04-18,2
"198",2007-04-19,0
"199",2007-04-20,0
"200",2007-04-21,0
"201",2007-04-22,0
"202",2007-04-23,0
"203",2007-04-24,0
"204",2007-04-25,0
"205",2007-04-26,0
"206",2007-04-27,0
"207",2007-04-28,0
"208",2007-04-29,0
"209",2007-04-30,0
"210",2007-05-01,0
"211",2007-05-02,0
"212",2007-05-03,0
"213",2007-05-04,0
"214",2007-05-05,0
"215",2007-05-06,101
"216",2007-05-07,28
"217",2007-05-08,4
"218",2007-05-09,89
"219",2007-05-10,0
"220",2007-05-11,0
"221",2007-05-12,0
"222",2007-05-13,0
"223",2007-05-14,0
"224",2007-05-15,102
"225",2007-05-16,12
"226",2007-05-17,4
"227",2007-05-18,32
"228",2007-05-19,0
"229",2007-05-20,0
"230",2007-05-21,0
"231",2007-05-22,0
"232",2007-05-23,0
"233",2007-05-24,0
"234",2007-05-25,0
"235",2007-05-26,0
"236",2007-05-27,0
"237",2007-05-28,4
"238",2007-05-29,34
"239",2007-05-30,24
"240",2007-05-31,0
"241",2007-06-01,0
"242",2007-06-02,0
"243",2007-06-03,0
"244",2007-06-04,0
"245",2007-06-05,0
"246",2007-06-06,0
"247",2007-06-07,0
"248",2007-06-08,0
"249",2007-06-09,0
"250",2007-06-10,0
"251",2007-06-11,0
"252",2007-06-12,0
"253",2007-06-13,0
"254",2007-06-14,0
"255",2007-06-15,0
"256",2007-06-16,0
"257",2007-06-17,0
"258",2007-06-18,0
"259",2007-06-19,0
"260",2007-06-20,0
"261",2007-06-21,0
"262",2007-06-22,0
"263",2007-06-23,0
"264",2007-06-24,0
"265",2007-06-25,0
"266",2007-06-26,95
"267",2007-06-27,21
"268",2007-06-28,0
"269",2007-06-29,0
"270",2007-06-30,0
"271",2007-07-01,0
"272",2007-07-02,0
"273",2007-07-03,0
"274",2007-07-04,84
"275",2007-07-05,76
"276",2007-07-06,0
"277",2007-07-07,0
"278",2007-07-08,0
"279",2007-07-09,18
"280",2007-07-10,122
"281",2007-07-11,0
"282",2007-07-12,0
"283",2007-07-13,0
"284",2007-07-14,0
"285",2007-07-15,0
"286",2007-07-16,0
"287",2007-07-17,0
"288",2007-07-18,0
"289",2007-07-19,0
"290",2007-07-20,0
"291",2007-07-21,0
"292",2007-07-22,0
"293",2007-07-23,0
"294",2007-07-24,90
"295",2007-07-25,23
"296",2007-07-26,0
"297",2007-07-27,0
"298",2007-07-28,43
"299",2007-07-29,12
"300",2007-07-30,199
"301",2007-07-31,0
"302",2007-08-01,0
"303",2007-08-02,1
"304",2007-08-03,88
"305",2007-08-04,0
"306",2007-08-05,0
"307",2007-08-06,0
"308",2007-08-07,0
"309",2007-08-08,0
"310",2007-08-09,0
"311",2007-08-10,41
"312",2007-08-11,0
"313",2007-08-12,0
"314",2007-08-13,0
"315",2007-08-14,0
"316",2007-08-15,0
"317",2007-08-16,0
"318",2007-08-17,8
"319",2007-08-18,0
"320",2007-08-19,0
"321",2007-08-20,0
"322",2007-08-21,0
"323",2007-08-22,0
"324",2007-08-23,0
"325",2007-08-24,0
"326",2007-08-25,0
"327",2007-08-26,0
"328",2007-08-27,0
"329",2007-08-28,0
"330",2007-08-29,0
"331",2007-08-30,0
"332",2007-08-31,0
"333",2007-09-01,0
"334",2007-09-02,0
"335",2007-09-03,0
"336",2007-09-04,255
"337",2007-09-05,171
"338",2007-09-06,136
"339",2007-09-07,201
"340",2007-09-08,0
"341",2007-09-09,0
"342",2007-09-10,0
"343",2007-09-11,109
"344",2007-09-12,0
"345",2007-09-13,0
"346",2007-09-14,0
"347",2007-09-15,0
"348",2007-09-16,0
"349",2007-09-17,0
"350",2007-09-18,102
"351",2007-09-19,19
"352",2007-09-20,0
"353",2007-09-21,0
"354",2007-09-22,0
"355",2007-09-23,0
"356",2007-09-24,0
"357",2007-09-25,0
"358",2007-09-26,0
"359",2007-09-27,0
"360",2007-09-28,0
"361",2007-09-29,0
"362",2007-09-30,0
"363",2007-10-01,0
"364",2007-10-02,0
"365",2007-10-03,0
"366",2007-10-04,0
"367",2007-10-05,0
"368",2007-10-06,0
"369",2007-10-07,0
"370",2007-10-08,0
"371",2007-10-09,0
"372",2007-10-10,0
"373",2007-10-11,0
"374",2007-10-12,0
"375",2007-10-13,0
"376",2007-10-14,0
"377",2007-10-15,0
"378",2007-10-16,0
"379",2007-10-17,0
"380",2007-10-18,101
"381",2007-10-19,145
"382",2007-10-20,174
"383",2007-10-21,122
"384",2007-10-22,20
"385",2007-10-23,0
"386",2007-10-24,0
"387",2007-10-25,0
"388",2007-10-26,0
"389",2007-10-27,0
"390",2007-10-28,0
"391",2007-10-29,0
"392",2007-10-30,0
"393",2007-10-31,0
"394",2007-11-01,0
"395",2007-11-02,0
"396",2007-11-03,0
"397",2007-11-04,0
"398",2007-11-05,0
"399",2007-11-06,130
"400",2007-11-07,43
"401",2007-11-08,0
"402",2007-11-09,83
"403",2007-11-10,52
"404",2007-11-11,82
"405",2007-11-12,220
"406",2007-11-13,18
"407",2007-11-14,94
"408",2007-11-15,220
"409",2007-11-16,28
"410",2007-11-17,0
"411",2007-11-18,0
"412",2007-11-19,0
"413",2007-11-20,0
"414",2007-11-21,0
"415",2007-11-22,0
"416",2007-11-23,0
"417",2007-11-24,0
"418",2007-11-25,0
"419",2007-11-26,151
"420",2007-11-27,0
"421",2007-11-28,0
"422",2007-11-29,0
"423",2007-11-30,0
"424",2007-12-01,0
"425",2007-12-02,0
"426",2007-12-03,16
"427",2007-12-04,77
"428",2007-12-05,0
"429",2007-12-06,0
"430",2007-12-07,0
"431",2007-12-08,82
"432",2007-12-09,0
"433",2007-12-10,0
"434",2007-12-11,151
"435",2007-12-12,191
"436",2007-12-13,6
"437",2007-12-14,0
"438",2007-12-15,0
"439",2007-12-16,0
"440",2007-12-17,0
"441",2007-12-18,0
"442",2007-12-19,0
"443",2007-12-20,0
"444",2007-12-21,0
"445",2007-12-22,0
"446",2007-12-23,0
"447",2007-12-24,0
"448",2007-12-25,0
"449",2007-12-26,0
"450",2007-12-27,0
"451",2007-12-28,0
"452",2007-12-29,0
"453",2007-12-30,0
"454",2007-12-31,0
"455",2008-01-01,0
"456",2008-01-02,0
"457",2008-01-03,0
"458",2008-01-04,0
"459",2008-01-05,0
"460",2008-01-06,0
"461",2008-01-07,0
"462",2008-01-08,0
"463",2008-01-09,0
"464",2008-01-10,0
"465",2008-01-11,0
"466",2008-01-12,0
"467",2008-01-13,0
"468",2008-01-14,0
"469",2008-01-15,0
"470",2008-01-16,0
"471",2008-01-17,0
"472",2008-01-18,0
"473",2008-01-19,0
"474",2008-01-20,0
"475",2008-01-21,0
"476",2008-01-22,131
"477",2008-01-23,26
"478",2008-01-24,0
"479",2008-01-25,0
"480",2008-01-26,0
"481",2008-01-27,86
"482",2008-01-28,0
"483",2008-01-29,0
"484",2008-01-30,0
"485",2008-01-31,0
"486",2008-02-01,0
"487",2008-02-02,12
"488",2008-02-03,0
"489",2008-02-04,0
"490",2008-02-05,0
"491",2008-02-06,0
"492",2008-02-07,92
"493",2008-02-08,0
"494",2008-02-09,0
"495",2008-02-10,0
"496",2008-02-11,0
"497",2008-02-12,0
"498",2008-02-13,0
"499",2008-02-14,0
"500",2008-02-15,0
"501",2008-02-16,0
"502",2008-02-17,0
"503",2008-02-18,0
"504",2008-02-19,0
"505",2008-02-20,0
"506",2008-02-21,0
"507",2008-02-22,0
"508",2008-02-23,0
"509",2008-02-24,0
"510",2008-02-25,0
"511",2008-02-26,0
"512",2008-02-27,0
"513",2008-02-28,0
"514",2008-02-29,0
"515",2008-03-01,62
"516",2008-03-02,35
"517",2008-03-03,0
"518",2008-03-04,206
"519",2008-03-05,217
"520",2008-03-06,11
"521",2008-03-07,0
"522",2008-03-08,0
"523",2008-03-09,0
"524",2008-03-10,0
"525",2008-03-11,3
"526",2008-03-12,21
"527",2008-03-13,138
"528",2008-03-14,0
"529",2008-03-15,0
"530",2008-03-16,0
"531",2008-03-17,21
"532",2008-03-18,135
"533",2008-03-19,74
"534",2008-03-20,221
"535",2008-03-21,0
"536",2008-03-22,14
"537",2008-03-23,127
"538",2008-03-24,133
"539",2008-03-25,127
"540",2008-03-26,0
"541",2008-03-27,0
"542",2008-03-28,0
"543",2008-03-29,0
"544",2008-03-30,0
"545",2008-03-31,0
"546",2008-04-01,20
"547",2008-04-02,163
"548",2008-04-03,194
"549",2008-04-04,178
"550",2008-04-05,0
"551",2008-04-06,0
"552",2008-04-07,105
"553",2008-04-08,0
"554",2008-04-09,0
"555",2008-04-10,0
"556",2008-04-11,0
"557",2008-04-12,23
"558",2008-04-13,0
"559",2008-04-14,0
"560",2008-04-15,175
"561",2008-04-16,7
"562",2008-04-17,0
"563",2008-04-18,0
"564",2008-04-19,0
"565",2008-04-20,0
"566",2008-04-21,0
"567",2008-04-22,6
"568",2008-04-23,56
"569",2008-04-24,0
"570",2008-04-25,126
"571",2008-04-26,0
"572",2008-04-27,0
"573",2008-04-28,0
"574",2008-04-29,0
"575",2008-04-30,0
"576",2008-05-01,0
"577",2008-05-02,0
"578",2008-05-03,0
"579",2008-05-04,0
"580",2008-05-05,0
"581",2008-05-06,0
"582",2008-05-07,0
"583",2008-05-08,0
"584",2008-05-09,0
"585",2008-05-10,0
"586",2008-05-11,0
"587",2008-05-12,0
"588",2008-05-13,0
"589",2008-05-14,0
"590",2008-05-15,0
"591",2008-05-16,0
"592",2008-05-17,0
"593",2008-05-18,0
"594",2008-05-19,0
"595",2008-05-20,0
"596",2008-05-21,0
"597",2008-05-22,0
"598",2008-05-23,0
"599",2008-05-24,0
"600",2008-05-25,0
"601",2008-05-26,0
"602",2008-05-27,0
"603",2008-05-28,0
"604",2008-05-29,0
"605",2008-05-30,0
"606",2008-05-31,0
"607",2008-06-01,0
"608",2008-06-02,0
"609",2008-06-03,0
"610",2008-06-04,0
"611",2008-06-05,0
"612",2008-06-06,0
"613",2008-06-07,0
"614",2008-06-08,0
"615",2008-06-09,0
"616",2008-06-10,0
"617",2008-06-11,0
"618",2008-06-12,0
"619",2008-06-13,92
"620",2008-06-14,0
"621",2008-06-15,0
"622",2008-06-16,0
"623",2008-06-17,0
"624",2008-06-18,0
"625",2008-06-19,0
"626",2008-06-20,0
"627",2008-06-21,0
"628",2008-06-22,0
"629",2008-06-23,0
"630",2008-06-24,0
"631",2008-06-25,0
"632",2008-06-26,0
"633",2008-06-27,38
"634",2008-06-28,1
"635",2008-06-29,0
"636",2008-06-30,0
"637",2008-07-01,0
"638",2008-07-02,0
"639",2008-07-03,0
"640",2008-07-04,0
"641",2008-07-05,0
"642",2008-07-06,0
"643",2008-07-07,0
"644",2008-07-08,22
"645",2008-07-09,0
"646",2008-07-10,0
"647",2008-07-11,0
"648",2008-07-12,0
"649",2008-07-13,0
"650",2008-07-14,121
"651",2008-07-15,0
"652",2008-07-16,0
"653",2008-07-17,0
"654",2008-07-18,0
"655",2008-07-19,0
"656",2008-07-20,0
"657",2008-07-21,97
"658",2008-07-22,179
"659",2008-07-23,144
"660",2008-07-24,0
"661",2008-07-25,0
"662",2008-07-26,0
"663",2008-07-27,0
"664",2008-07-28,0
"665",2008-07-29,0
"666",2008-07-30,0
"667",2008-07-31,0
"668",2008-08-01,0
"669",2008-08-02,0
"670",2008-08-03,0
"671",2008-08-04,0
"672",2008-08-05,0
"673",2008-08-06,0
"674",2008-08-07,0
"675",2008-08-08,39
"676",2008-08-09,39
"677",2008-08-10,0
"678",2008-08-11,0
"679",2008-08-12,0
"680",2008-08-13,0
"681",2008-08-14,0
"682",2008-08-15,43
"683",2008-08-16,50
"684",2008-08-17,0
"685",2008-08-18,0
"686",2008-08-19,0
"687",2008-08-20,0
"688",2008-08-21,0
"689",2008-08-29,0
"690",2008-08-30,0
"691",2008-08-31,0
"692",2008-09-01,0
"693",2008-09-02,0
"694",2008-09-03,0
"695",2008-09-04,0
"696",2008-09-05,0
"697",2008-09-06,0
"698",2008-09-07,0
"699",2008-09-08,0
"700",2008-09-09,0
"701",2008-09-10,0
"702",2008-09-11,0
"703",2008-09-12,0
"704",2008-09-13,0
"705",2008-09-14,0
"706",2008-09-15,68
"707",2008-09-16,0
"708",2008-09-17,0
"709",2008-09-18,0
"710",2008-09-19,0
"711",2008-09-20,0
"712",2008-09-21,0
"713",2008-09-22,0
"714",2008-09-24,0
"715",2008-09-25,0
"716",2008-09-26,0
"717",2008-09-27,0
"718",2008-09-28,0
"719",2008-09-29,0
"720",2008-09-30,0
"721",2008-10-01,0
"722",2008-10-02,0
"723",2008-10-03,35
"724",2008-10-04,102
"725",2008-10-05,0
"726",2008-10-06,0
"727",2008-10-07,0
"728",2008-10-08,0
"729",2008-10-09,0
"730",2008-10-10,0
"731",2008-10-11,0
"732",2008-10-12,0
"733",2008-10-13,0
"734",2008-10-14,0
"735",2008-10-15,0
"736",2008-10-16,0
"737",2008-10-17,15
"738",2008-10-18,0
"739",2008-10-19,0
"740",2008-10-20,0
"741",2008-10-21,0
"742",2008-10-22,0
"743",2008-10-23,0
"744",2008-10-24,0
"745",2008-10-25,0
"746",2008-10-26,0
"747",2008-10-27,0
"748",2008-10-28,0
"749",2008-10-29,0
"750",2008-10-30,0
"751",2008-10-31,0
"752",2008-11-01,0
"753",2008-11-02,0
"754",2008-11-03,0
"755",2008-11-04,0
"756",2008-11-05,0
"757",2008-11-06,0
"758",2008-11-07,0
"759",2008-11-08,0
"760",2008-11-09,0
"761",2008-11-10,0
"762",2008-11-11,0
"763",2008-11-12,0
"764",2008-11-13,0
"765",2008-11-14,0
"766",2008-11-15,0
"767",2008-11-16,0
"768",2008-11-17,64
"769",2008-11-18,0
"770",2008-11-19,0
"771",2008-11-20,0
"772",2008-11-21,46
"773",2008-11-22,20
"774",2008-11-23,29
"775",2008-11-24,0
"776",2008-11-25,0
"777",2008-11-26,0
"778",2008-11-27,0
"779",2008-11-28,0
"780",2008-11-29,0
"781",2008-11-30,0
"782",2008-12-01,0
"783",2008-12-02,0
"784",2008-12-03,0
"785",2008-12-04,0
"786",2008-12-05,0
"787",2008-12-06,0
"788",2008-12-07,38
"789",2008-12-08,0
"790",2008-12-09,0
"791",2008-12-10,0
"792",2008-12-11,0
"793",2008-12-12,0
"794",2008-12-13,0
"795",2008-12-14,0
"796",2008-12-15,0
"797",2008-12-16,0
"798",2008-12-17,0
"799",2008-12-18,159
"800",2008-12-19,47
"801",2008-12-20,27
"802",2008-12-21,56
"803",2008-12-22,0
"804",2008-12-23,0
"805",2008-12-24,0
"806",2008-12-25,0
"807",2008-12-26,0
"808",2008-12-27,0
"809",2008-12-28,0
"810",2008-12-29,0
"811",2008-12-30,0
"812",2008-12-31,0
"813",2009-01-01,0
"814",2009-01-02,0
"815",2009-01-03,0
"816",2009-01-04,0
"817",2009-01-05,0
"818",2009-01-06,0
"819",2009-01-07,0
"820",2009-01-08,0
"821",2009-01-09,0
"822",2009-01-10,0
"823",2009-01-11,0
"824",2009-01-12,0
"825",2009-01-13,0
"826",2009-01-14,0
"827",2009-01-15,0
"828",2009-01-16,0
"829",2009-01-17,0
"830",2009-01-18,0
"831",2009-01-19,0
"832",2009-01-20,0
"833",2009-01-21,0
"834",2009-01-22,0
"835",2009-01-23,0
"836",2009-01-24,0
"837",2009-01-25,23
"838",2009-01-26,0
"839",2009-01-27,0
"840",2009-01-28,0
"841",2009-01-29,0
"842",2009-01-30,0
"843",2009-01-31,0
"844",2009-02-01,0
"845",2009-02-02,0
"846",2009-02-03,0
"847",2009-02-04,0
"848",2009-02-05,0
"849",2009-02-06,0
"850",2009-02-07,0
"851",2009-02-08,114
"852",2009-02-09,0
"853",2009-02-10,0
"854",2009-02-11,236
"855",2009-02-12,200
"856",2009-02-13,272
"857",2009-02-14,196
"858",2009-02-15,93
"859",2009-02-16,0
"860",2009-02-17,32
"861",2009-02-18,60
"862",2009-02-19,0
"863",2009-02-20,4
"864",2009-02-21,35
"865",2009-02-22,0
"866",2009-02-23,117
"867",2009-02-24,123
"868",2009-02-25,0
"869",2009-02-26,0
"870",2009-02-27,0
"871",2009-02-28,0
"872",2009-03-01,0
"873",2009-03-02,0
"874",2009-03-03,0
"875",2009-03-04,0
"876",2009-03-05,0
"877",2009-03-06,98
"878",2009-03-07,276
"879",2009-03-08,6
"880",2009-03-09,109
"881",2009-03-10,0
"882",2009-03-11,171
"883",2009-03-12,3
"884",2009-03-13,27
"885",2009-03-14,0
"886",2009-03-15,93
"887",2009-03-16,2
"888",2009-03-17,0
"889",2009-03-18,118
"890",2009-03-19,133
"891",2009-03-20,68
"892",2009-03-21,0
"893",2009-03-22,86
"894",2009-03-23,78
"895",2009-03-24,194
"896",2009-03-25,4
"897",2009-03-26,51
"898",2009-03-27,0
"899",2009-03-28,0
"900",2009-03-29,0
"901",2009-03-30,0
"902",2009-03-31,0
"903",2009-04-01,0
"904",2009-04-02,0
"905",2009-04-03,0
"906",2009-04-04,0
"907",2009-04-05,0
"908",2009-04-06,0
"909",2009-04-07,0
"910",2009-04-08,0
"911",2009-04-09,0
"912",2009-04-10,0
"913",2009-04-11,0
"914",2009-04-12,0
"915",2009-04-13,0
"916",2009-04-14,0
"917",2009-04-15,0
"918",2009-04-16,0
"919",2009-04-17,0
"920",2009-04-18,0
"921",2009-04-19,0
"922",2009-04-20,0
"923",2009-04-21,0
"924",2009-04-22,56
"925",2009-04-23,124
"926",2009-04-24,0
"927",2009-04-25,0
"928",2009-04-26,0
"929",2009-04-27,0
"930",2009-04-28,0
"931",2009-04-29,35
"932",2009-04-30,69
"933",2009-05-01,27
"934",2009-05-02,183
"935",2009-05-03,0
"936",2009-05-04,74
"937",2009-05-05,27
"938",2009-05-06,5
"939",2009-05-07,0
"940",2009-05-08,0
"941",2009-05-09,0
"942",2009-05-10,0
"943",2009-05-11,0
"944",2009-05-12,0
"945",2009-05-13,0
"946",2009-05-14,0
"947",2009-05-15,0
"948",2009-05-16,0
"949",2009-05-17,0
"950",2009-05-18,0
"951",2009-05-19,0
"952",2009-05-20,0
"953",2009-05-21,0
"954",2009-05-22,0
"955",2009-05-23,0
"956",2009-05-24,0
"957",2009-05-25,0
"958",2009-05-26,1
"959",2009-05-27,188
"960",2009-05-28,87
"961",2009-05-29,191
"962",2009-05-30,0
"963",2009-05-31,0
"964",2009-06-01,0
"965",2009-06-02,100
"966",2009-06-03,150
"967",2009-06-04,0
"968",2009-06-05,0
"969",2009-06-06,0
"970",2009-06-07,0
"971",2009-06-08,0
"972",2009-06-09,0
"973",2009-06-10,0
"974",2009-06-11,36
"975",2009-06-12,3
"976",2009-06-13,0
"977",2009-06-14,0
"978",2009-06-15,0
"979",2009-06-16,4
"980",2009-06-17,0
"981",2009-06-18,0
"982",2009-06-19,9
"983",2009-06-20,150
"984",2009-06-21,166
"985",2009-06-22,189
"986",2009-06-23,233
"987",2009-06-24,0
"988",2009-06-25,0
"989",2009-06-26,0
"990",2009-06-27,0
"991",2009-06-28,0
"992",2009-06-29,0
"993",2009-06-30,0
"994",2009-07-01,0
"995",2009-07-02,0
"996",2009-07-03,0
"997",2009-07-04,0
"998",2009-07-05,0
"999",2009-07-06,0
"1000",2009-07-07,0
"1001",2009-07-08,60
"1002",2009-07-09,2
"1003",2009-07-10,42
"1004",2009-07-11,0
"1005",2009-07-12,0
"1006",2009-07-13,0
"1007",2009-07-14,0
"1008",2009-07-15,0
"1009",2009-07-16,0
"1010",2009-07-17,0
"1011",2009-07-18,117
"1012",2009-07-19,0
"1013",2009-07-20,0
"1014",2009-07-21,0
"1015",2009-07-22,0
"1016",2009-07-23,0
"1017",2009-07-24,0
"1018",2009-07-25,172
"1019",2009-07-26,0
"1020",2009-07-27,0
"1021",2009-07-28,0
"1022",2009-07-29,0
"1023",2009-07-30,0
"1024",2009-07-31,0
"1025",2009-08-01,0
"1026",2009-08-02,0
"1027",2009-08-03,0
"1028",2009-08-04,74
"1029",2009-08-05,0
"1030",2009-08-06,0
"1031",2009-08-07,0
"1032",2009-08-08,0
"1033",2009-08-09,0
"1034",2009-08-10,0
"1035",2009-08-11,0
"1036",2009-08-12,0
"1037",2009-08-13,0
"1038",2009-08-14,0
"1039",2009-08-15,0
"1040",2009-08-16,0
"1041",2009-08-17,0
"1042",2009-08-18,0
"1043",2009-08-19,0
"1044",2009-08-20,0
"1045",2009-08-21,0
"1046",2009-08-22,4
"1047",2009-08-23,0
"1048",2009-08-24,0
"1049",2009-08-25,0
"1050",2009-08-26,0
"1051",2009-08-27,0
"1052",2009-08-28,0
"1053",2009-08-29,65
"1054",2009-08-30,9
"1055",2009-08-31,0
"1056",2009-09-01,0
"1057",2009-09-02,0
"1058",2009-09-03,0
"1059",2009-09-04,28
"1060",2009-09-05,134
"1061",2009-09-06,0
"1062",2009-09-07,0
"1063",2009-09-08,0
"1064",2009-09-09,0
"1065",2009-09-10,0
"1066",2009-09-11,0
"1067",2009-09-12,0
"1068",2009-09-13,0
"1069",2009-09-14,0
"1070",2009-09-15,0
"1071",2009-09-16,0
"1072",2009-09-17,0
"1073",2009-09-18,0
"1074",2009-09-19,0
"1075",2009-09-20,0
"1076",2009-09-21,0
"1077",2009-09-22,0
"1078",2009-09-23,0
"1079",2009-09-24,0
"1080",2009-09-25,0
"1081",2009-09-26,0
"1082",2009-09-27,0
"1083",2009-09-28,0
"1084",2009-09-29,0
"1085",2009-09-30,0
"1086",2009-10-01,0
"1087",2009-10-02,0
"1088",2009-10-03,0
"1089",2009-10-04,0
"1090",2009-10-05,0
"1091",2009-10-06,0
"1092",2009-10-07,0
"1093",2009-10-08,0
"1094",2009-10-09,0
"1095",2009-10-10,0
"1096",2009-10-11,0
"1097",2009-10-12,161
"1098",2009-10-13,269
"1099",2009-10-14,207
"1100",2009-10-15,1
"1101",2009-10-16,15
"1102",2009-10-17,122
"1103",2009-10-18,92
"1104",2009-10-19,0
"1105",2009-10-20,0
"1106",2009-10-21,0
"1107",2009-10-22,0
"1108",2009-10-23,3
"1109",2009-10-24,8
"1110",2009-10-25,0
"1111",2009-10-26,0
"1112",2009-10-27,0
"1113",2009-10-28,0
"1114",2009-10-29,0
"1115",2009-10-30,0
"1116",2009-10-31,0
"1117",2009-11-01,0
"1118",2009-11-02,0
"1119",2009-11-03,66
"1120",2009-11-04,0
"1121",2009-11-05,0
"1122",2009-11-06,0
"1123",2009-11-07,0
"1124",2009-11-08,0
"1125",2009-11-09,0
"1126",2009-11-10,15
"1127",2009-11-11,0
"1128",2009-11-12,0
"1129",2009-11-13,0
"1130",2009-11-14,0
"1131",2009-11-15,0
"1132",2009-11-16,0
"1133",2009-11-17,0
"1134",2009-11-18,0
"1135",2009-11-19,0
"1136",2009-11-20,0
"1137",2009-11-21,0
"1138",2009-11-22,0
"1139",2009-11-23,0
"1140",2009-11-24,0
"1141",2009-11-25,0
"1142",2009-11-26,0
"1143",2009-11-27,0
"1144",2009-11-28,0
"1145",2009-11-29,0
"1146",2009-11-30,0
"1147",2009-12-01,20
"1148",2009-12-02,0
"1149",2009-12-03,0
"1150",2009-12-04,20
"1151",2009-12-05,0
"1152",2009-12-06,0
"1153",2009-12-07,0
"1154",2009-12-08,95
"1155",2009-12-09,4
"1156",2009-12-10,3
"1157",2009-12-11,135
"1158",2009-12-12,6
"1159",2009-12-13,0
"1160",2009-12-14,0
"1161",2009-12-15,0
"1162",2009-12-16,0
"1163",2009-12-17,0
"1164",2009-12-18,0
"1165",2009-12-19,135
"1166",2009-12-20,3
"1167",2009-12-21,0
"1168",2009-12-22,0
"1169",2009-12-23,0
"1170",2009-12-24,0
"1171",2009-12-25,13
"1172",2009-12-26,0
"1173",2009-12-27,0
"1174",2009-12-28,0
"1175",2009-12-29,0
"1176",2009-12-30,0
"1177",2009-12-31,0
"1178",2010-01-01,0
"1179",2010-01-02,249
"1180",2010-01-03,3
"1181",2010-01-04,0
"1182",2010-01-05,0
"1183",2010-01-06,0
"1184",2010-01-07,0
"1185",2010-01-08,0
"1186",2010-01-09,0
"1187",2010-01-10,0
"1188",2010-01-11,0
"1189",2010-01-12,0
"1190",2010-01-13,0
"1191",2010-01-14,0
"1192",2010-01-15,0
"1193",2010-01-16,0
"1194",2010-01-17,0
"1195",2010-01-18,0
"1196",2010-01-19,0
"1197",2010-01-20,0
"1198",2010-01-21,0
"1199",2010-01-22,0
"1200",2010-01-23,0
"1201",2010-01-24,0
"1202",2010-01-25,0
"1203",2010-01-26,0
"1204",2010-01-27,0
"1205",2010-01-28,52
"1206",2010-01-29,0
"1207",2010-01-30,99
"1208",2010-01-31,221
"1209",2010-02-01,0
"1210",2010-02-02,0
"1211",2010-02-03,0
"1212",2010-02-04,0
"1213",2010-02-05,0
"1214",2010-02-06,0
"1215",2010-02-07,0
"1216",2010-02-08,0
"1217",2010-02-09,0
"1218",2010-02-10,40
"1219",2010-02-11,0
"1220",2010-02-12,0
"1221",2010-02-13,0
"1222",2010-02-14,0
"1223",2010-02-15,0
"1224",2010-02-16,0
"1225",2010-02-17,0
"1226",2010-02-18,0
"1227",2010-02-19,0
"1228",2010-02-20,181
"1229",2010-02-21,0
"1230",2010-02-22,0
"1231",2010-02-23,0
"1232",2010-02-24,0
"1233",2010-02-25,0
"1234",2010-02-26,15
"1235",2010-02-27,0
"1236",2010-02-28,0
"1237",2010-03-01,0
"1238",2010-03-02,0
"1239",2010-03-03,0
"1240",2010-03-04,27
"1241",2010-03-05,278
"1242",2010-03-06,47
"1243",2010-03-07,0
"1244",2010-03-08,0
"1245",2010-03-09,0
"1246",2010-03-10,0
"1247",2010-03-11,0
"1248",2010-03-12,0
"1249",2010-03-13,0
"1250",2010-03-14,37
"1251",2010-03-15,246
"1252",2010-03-16,85
"1253",2010-03-17,0
"1254",2010-03-18,0
"1255",2010-03-19,0
"1256",2010-03-20,0
"1257",2010-03-21,0
"1258",2010-03-22,0
"1259",2010-03-23,0
"1260",2010-03-24,0
"1261",2010-03-25,0
"1262",2010-03-26,0
"1263",2010-03-27,0
"1264",2010-03-28,0
"1265",2010-03-29,0
"1266",2010-03-30,0
"1267",2010-03-31,6
"1268",2010-04-01,31
"1269",2010-04-02,0
"1270",2010-04-03,0
"1271",2010-04-04,0
"1272",2010-04-05,155
"1273",2010-04-06,0
"1274",2010-04-07,0
"1275",2010-04-08,0
"1276",2010-04-09,0
"1277",2010-04-10,100
"1278",2010-04-11,0
"1279",2010-04-12,0
"1280",2010-04-13,0
"1281",2010-04-14,14
"1282",2010-04-15,0
"1283",2010-04-16,0
"1284",2010-04-17,0
"1285",2010-04-18,0
"1286",2010-04-19,32
"1287",2010-04-20,0
"1288",2010-04-21,0
"1289",2010-04-22,0
"1290",2010-04-23,0
"1291",2010-04-24,0
"1292",2010-04-25,0
"1293",2010-04-26,0
"1294",2010-04-27,0
"1295",2010-04-28,0
"1296",2010-04-29,0
"1297",2010-04-30,0
"1298",2010-05-01,0
"1299",2010-05-02,0
"1300",2010-05-03,0
"1301",2010-05-04,0
"1302",2010-05-05,0
"1303",2010-05-06,0
"1304",2010-05-07,0
"1305",2010-05-08,0
"1306",2010-05-09,0
"1307",2010-05-10,0
"1308",2010-05-11,0
"1309",2010-05-12,0
"1310",2010-05-13,0
"1311",2010-05-14,0
"1312",2010-05-15,152
"1313",2010-05-16,270
"1314",2010-05-17,205
"1315",2010-05-18,181
"1316",2010-05-19,219
"1317",2010-05-20,141
"1318",2010-05-21,27
"1319",2010-05-22,0
"1320",2010-05-23,0
"1321",2010-05-24,0
"1322",2010-05-25,0
"1323",2010-05-26,0
"1324",2010-05-27,0
"1325",2010-05-28,0
"1326",2010-05-29,0
"1327",2010-05-30,17
"1328",2010-05-31,226
"1329",2010-06-01,210
"1330",2010-06-02,268
"1331",2010-06-03,66
"1332",2010-06-04,0
"1333",2010-06-05,0
"1334",2010-06-06,0
"1335",2010-06-07,0
"1336",2010-06-08,0
"1337",2010-06-09,0
"1338",2010-06-10,0
"1339",2010-06-11,0
"1340",2010-06-12,0
"1341",2010-06-13,0
"1342",2010-06-14,0
"1343",2010-06-15,0
"1344",2010-06-16,0
"1345",2010-06-17,0
"1346",2010-06-18,0
"1347",2010-06-19,0
"1348",2010-06-20,95
"1349",2010-06-21,128
"1350",2010-06-22,45
"1351",2010-06-23,0
"1352",2010-06-24,0
"1353",2010-06-25,0
"1354",2010-06-26,0
"1355",2010-06-27,0
"1356",2010-06-28,0
"1357",2010-06-29,0
"1358",2010-06-30,0
"1359",2010-07-01,0
"1360",2010-07-02,0
"1361",2010-07-03,0
"1362",2010-07-04,0
"1363",2010-07-05,0
"1364",2010-07-06,80
"1365",2010-07-07,0
"1366",2010-07-08,0
"1367",2010-07-09,0
"1368",2010-07-10,0
"1369",2010-07-11,0
"1370",2010-07-12,0
"1371",2010-07-13,0
"1372",2010-07-14,0
"1373",2010-07-15,0
"1374",2010-07-16,0
"1375",2010-07-17,4
"1376",2010-07-18,83
"1377",2010-07-19,0
"1378",2010-07-20,0
"1379",2010-07-21,0
"1380",2010-07-22,0
"1381",2010-07-23,55
"1382",2010-07-24,270
"1383",2010-07-25,219
"1384",2010-07-26,3
"1385",2010-07-27,96
"1386",2010-07-28,0
"1387",2010-07-29,0
"1388",2010-07-30,107
"1389",2010-07-31,0
"1390",2010-08-01,0
"1391",2010-08-02,0
"1392",2010-08-03,123
"1393",2010-08-04,0
"1394",2010-08-05,0
"1395",2010-08-06,124
"1396",2010-08-07,0
"1397",2010-08-08,0
"1398",2010-08-09,0
"1399",2010-08-10,0
"1400",2010-08-11,0
"1401",2010-08-12,0
"1402",2010-08-13,0
"1403",2010-08-14,0
"1404",2010-08-15,0
"1405",2010-08-16,0
"1406",2010-08-17,0
"1407",2010-08-18,0
"1408",2010-08-19,0
"1409",2010-08-20,0
"1410",2010-08-21,0
"1411",2010-08-22,0
"1412",2010-08-23,0
"1413",2010-08-24,0
"1414",2010-08-25,0
"1415",2010-08-26,0
"1416",2010-08-27,0
"1417",2010-08-28,164
"1418",2010-08-29,23
"1419",2010-08-30,121
"1420",2010-08-31,228
"1421",2010-09-01,1
"1422",2010-09-02,0
"1423",2010-09-03,0
"1424",2010-09-04,0
"1425",2010-09-05,0
"1426",2010-09-06,0
"1427",2010-09-07,0
"1428",2010-09-08,0
"1429",2010-09-09,0
"1430",2010-09-10,1
"1431",2010-09-11,0
"1432",2010-09-12,0
"1433",2010-09-13,103
"1434",2010-09-14,0
"1435",2010-09-15,0
"1436",2010-09-16,0
"1437",2010-09-17,0
"1438",2010-09-18,0
"1439",2010-09-19,0
"1440",2010-09-20,0
"1441",2010-09-21,0
"1442",2010-09-22,0
"1443",2010-09-23,0
"1444",2010-09-24,0
"1445",2010-09-25,56
"1446",2010-09-26,118
"1447",2010-09-27,0
"1448",2010-09-28,0
"1449",2010-09-29,0
"1450",2010-09-30,0
"1451",2010-10-01,0
"1452",2010-10-02,0
"1453",2010-10-03,0
"1454",2010-10-04,0
"1455",2010-10-05,0
"1456",2010-10-06,0
"1457",2010-10-07,0
"1458",2010-10-08,0
"1459",2010-10-09,0
"1460",2010-10-10,0
"1461",2010-10-11,0
"1462",2010-10-12,0
"1463",2010-10-13,0
"1464",2010-10-14,0
"1465",2010-10-15,0
"1466",2010-10-16,0
"1467",2010-10-17,0
"1468",2010-10-18,0
"1469",2010-10-19,0
"1470",2010-10-20,117
"1471",2010-10-21,4
"1472",2010-10-22,0
"1473",2010-10-23,0
"1474",2010-10-24,0
"1475",2010-10-25,10
"1476",2010-10-26,0
"1477",2010-10-27,0
"1478",2010-10-28,0
"1479",2010-10-29,0
"1480",2010-10-30,0
"1481",2010-10-31,0
"1482",2010-11-01,0
"1483",2010-11-02,0
"1484",2010-11-03,0
"1485",2010-11-04,0
"1486",2010-11-05,0
"1487",2010-11-06,0
"1488",2010-11-07,0
"1489",2010-11-08,0
"1490",2010-11-09,0
"1491",2010-11-10,0
"1492",2010-11-11,0
"1493",2010-11-12,0
"1494",2010-11-13,0
"1495",2010-11-14,0
"1496",2010-11-15,0
"1497",2010-11-16,0
"1498",2010-11-17,0
"1499",2010-11-18,0
"1500",2010-11-19,0
"1501",2010-11-20,0
"1502",2010-11-21,0
"1503",2010-11-22,0
"1504",2010-11-23,125
"1505",2010-11-24,114
"1506",2010-11-25,0
"1507",2010-11-26,157
"1508",2010-11-27,11
"1509",2010-11-28,0
"1510",2010-11-29,20
"1511",2010-11-30,0
"1512",2010-12-01,0
"1513",2010-12-02,0
"1514",2010-12-03,0
"1515",2010-12-04,0
"1516",2010-12-05,0
"1517",2010-12-06,0
"1518",2010-12-07,0
"1519",2010-12-08,0
"1520",2010-12-09,190
"1521",2010-12-10,184
"1522",2010-12-11,0
"1523",2010-12-12,91
"1524",2010-12-13,152
"1525",2010-12-14,119
"1526",2010-12-15,258
"1527",2010-12-16,22
"1528",2010-12-17,0
"1529",2010-12-18,0
"1530",2010-12-19,0
"1531",2010-12-20,0
"1532",2010-12-21,0
"1533",2010-12-22,0
"1534",2010-12-23,0
"1535",2010-12-24,0
"1536",2010-12-25,27
"1537",2010-12-26,33
"1538",2010-12-27,0
"1539",2010-12-28,0
"1540",2010-12-29,0
"1541",2010-12-30,0
"1542",2010-12-31,0
"1543",2011-01-01,0
"1544",2011-01-02,0
"1545",2011-01-03,0
"1546",2011-01-04,0
"1547",2011-01-05,0
"1548",2011-01-06,0
"1549",2011-01-07,0
"1550",2011-01-08,0
"1551",2011-01-09,0
"1552",2011-01-10,0
"1553",2011-01-11,0
"1554",2011-01-12,0
"1555",2011-01-13,0
"1556",2011-01-14,0
"1557",2011-01-15,0
"1558",2011-01-16,0
"1559",2011-01-17,0
"1560",2011-01-18,0
"1561",2011-01-19,96
"1562",2011-01-20,173
"1563",2011-01-21,49
"1564",2011-01-22,0
"1565",2011-01-23,0
"1566",2011-01-24,23
"1567",2011-01-25,0
"1568",2011-01-26,0
"1569",2011-01-27,0
"1570",2011-01-28,0
"1571",2011-01-29,0
"1572",2011-01-30,0
"1573",2011-01-31,0
"1574",2011-02-01,0
"1575",2011-02-02,0
"1576",2011-02-03,0
"1577",2011-02-04,0
"1578",2011-02-05,0
"1579",2011-02-06,0
"1580",2011-02-07,0
"1581",2011-02-08,0
"1582",2011-02-09,0
"1583",2011-02-10,0
"1584",2011-02-11,0
"1585",2011-02-12,0
"1586",2011-02-13,0
"1587",2011-02-14,0
"1588",2011-02-15,0
"1589",2011-02-16,0
"1590",2011-02-17,0
"1591",2011-02-18,0
"1592",2011-02-19,0
"1593",2011-02-20,0
"1594",2011-02-21,0
"1595",2011-02-22,0
"1596",2011-02-23,76
"1597",2011-02-24,0
"1598",2011-02-25,0
"1599",2011-02-26,0
"1600",2011-02-27,0
"1601",2011-02-28,0
"1602",2011-03-01,0
"1603",2011-03-02,0
"1604",2011-03-03,0
"1605",2011-03-04,0
"1606",2011-03-05,0
"1607",2011-03-06,0
"1608",2011-03-07,0
"1609",2011-03-08,0
"1610",2011-03-09,0
"1611",2011-03-10,0
"1612",2011-03-11,0
"1613",2011-03-12,0
"1614",2011-03-13,0
"1615",2011-03-14,0
"1616",2011-03-15,0
"1617",2011-03-16,0
"1618",2011-03-17,0
"1619",2011-03-18,146
"1620",2011-03-19,27
"1621",2011-03-20,0
"1622",2011-03-21,0
"1623",2011-03-22,0
"1624",2011-03-23,0
"1625",2011-03-24,0
"1626",2011-03-25,0
"1627",2011-03-26,0
"1628",2011-03-27,0
"1629",2011-03-28,0
"1630",2011-03-29,0
"1631",2011-03-30,0
"1632",2011-03-31,0
"1633",2011-04-01,0
"1634",2011-04-02,0
"1635",2011-04-03,0
"1636",2011-04-04,147
"1637",2011-04-05,62
"1638",2011-04-06,0
"1639",2011-04-07,0
"1640",2011-04-08,124
"1641",2011-04-09,118
"1642",2011-04-10,27
"1643",2011-04-11,0
"1644",2011-04-12,123
"1645",2011-04-13,252
"1646",2011-04-14,0
"1647",2011-04-15,0
"1648",2011-04-16,0
"1649",2011-04-17,0
"1650",2011-04-18,0
"1651",2011-04-19,0
"1652",2011-04-20,0
"1653",2011-04-21,0
"1654",2011-04-22,0
"1655",2011-04-23,0
"1656",2011-04-24,0
"1657",2011-04-25,0
"1658",2011-04-26,0
"1659",2011-04-27,0
"1660",2011-04-28,0
"1661",2011-04-29,0
"1662",2011-04-30,0
"1663",2011-05-01,0
"1664",2011-05-02,0
"1665",2011-05-03,58
"1666",2011-05-04,0
"1667",2011-05-05,0
"1668",2011-05-06,0
"1669",2011-05-07,0
"1670",2011-05-08,23
"1671",2011-05-09,0
"1672",2011-05-10,0
"1673",2011-05-11,0
"1674",2011-05-12,0
"1675",2011-05-13,0
"1676",2011-05-14,0
"1677",2011-05-15,222
"1678",2011-05-16,110
"1679",2011-05-17,0
"1680",2011-05-18,0
"1681",2011-05-19,0
"1682",2011-05-20,0
"1683",2011-05-21,0
"1684",2011-05-22,0
"1685",2011-05-23,0
"1686",2011-05-24,0
"1687",2011-05-25,0
"1688",2011-05-26,0
"1689",2011-05-27,66
"1690",2011-05-28,55
"1691",2011-05-29,0
"1692",2011-05-30,0
"1693",2011-05-31,0
"1694",2011-06-01,0
"1695",2011-06-02,0
"1696",2011-06-03,0
"1697",2011-06-04,0
"1698",2011-06-05,0
"1699",2011-06-06,0
"1700",2011-06-07,0
"1701",2011-06-08,0
"1702",2011-06-09,0
"1703",2011-06-10,0
"1704",2011-06-11,0
"1705",2011-06-12,0
"1706",2011-06-13,0
"1707",2011-06-14,0
"1708",2011-06-15,0
"1709",2011-06-16,0
"1710",2011-06-17,0
"1711",2011-06-18,0
"1712",2011-06-19,98
"1713",2011-06-20,0
"1714",2011-06-21,0
"1715",2011-06-22,0
"1716",2011-06-23,0
"1717",2011-06-24,54
"1718",2011-06-25,0
"1719",2011-06-26,0
"1720",2011-06-27,0
"1721",2011-06-28,0
"1722",2011-06-29,0
"1723",2011-06-30,158
"1724",2011-07-01,126
"1725",2011-07-02,0
"1726",2011-07-03,0
"1727",2011-07-04,0
"1728",2011-07-05,0
"1729",2011-07-06,0
"1730",2011-07-07,0
"1731",2011-07-08,0
"1732",2011-07-09,0
"1733",2011-07-10,0
"1734",2011-07-11,0
"1735",2011-07-12,0
"1736",2011-07-13,0
"1737",2011-07-14,0
"1738",2011-07-15,0
"1739",2011-07-16,0
"1740",2011-07-20,103
"1741",2011-07-21,6
"1742",2011-07-22,0
"1743",2011-07-23,0
"1744",2011-07-24,185
"1745",2011-07-25,4
"1746",2011-07-26,0
"1747",2011-07-27,0
"1748",2011-07-28,0
"1749",2011-07-29,0
"1750",2011-07-30,0
"1751",2011-07-31,0
"1752",2011-08-01,0
"1753",2011-08-02,0
"1754",2011-08-03,0
"1755",2011-08-04,0
"1756",2011-08-05,0
"1757",2011-08-06,0
"1758",2011-08-07,0
"1759",2011-08-08,13
"1760",2011-08-09,76
"1761",2011-08-10,1
"1762",2011-08-11,0
"1763",2011-08-12,0
"1764",2011-08-13,0
"1765",2011-08-14,0
"1766",2011-08-15,0
"1767",2011-08-16,0
"1768",2011-08-17,0
"1769",2011-08-18,0
"1770",2011-08-19,0
"1771",2011-08-20,0
"1772",2011-08-21,0
"1773",2011-08-22,0
"1774",2011-08-23,0
"1775",2011-08-24,0
"1776",2011-08-25,0
"1777",2011-08-26,0
"1778",2011-08-27,124
"1779",2011-08-28,11
"1780",2011-08-29,0
"1781",2011-08-30,0
"1782",2011-08-31,0
"1783",2011-09-01,0
"1784",2011-09-02,0
"1785",2011-09-03,0
"1786",2011-09-04,0
"1787",2011-09-05,3
"1788",2011-09-06,0
"1789",2011-09-07,0
"1790",2011-09-08,0
"1791",2011-09-09,0
"1792",2011-09-10,0
"1793",2011-09-11,0
"1794",2011-09-12,0
"1795",2011-09-13,0
"1796",2011-09-14,0
"1797",2011-09-15,0
"1798",2011-09-16,0
"1799",2011-09-17,0
"1800",2011-09-18,0
"1801",2011-09-19,263
"1802",2011-09-20,74
"1803",2011-09-21,0
"1804",2011-09-22,0
"1805",2011-09-23,0
"1806",2011-09-24,0
"1807",2011-09-25,0
"1808",2011-09-26,0
"1809",2011-09-27,0
"1810",2011-09-28,0
"1811",2011-09-29,0
"1812",2011-09-30,0
"1813",2011-10-01,0
"1814",2011-10-02,0
"1815",2011-10-03,0
"1816",2011-10-04,0
"1817",2011-10-05,0
"1818",2011-10-06,0
"1819",2011-10-07,94
"1820",2011-10-08,74
"1821",2011-10-09,98
"1822",2011-10-10,0
"1823",2011-10-11,0
"1824",2011-10-12,0
"1825",2011-10-13,148
"1826",2011-10-14,0
"1827",2011-10-15,0
"1828",2011-10-16,0
"1829",2011-10-17,0
"1830",2011-10-18,0
"1831",2011-10-19,0
"1832",2011-10-20,136
"1833",2011-10-21,0
"1834",2011-10-22,0
"1835",2011-10-23,0
"1836",2011-10-24,0
"1837",2011-10-25,0
"1838",2011-10-26,0
"1839",2011-10-27,0
"1840",2011-10-28,0
"1841",2011-10-29,0
"1842",2011-10-30,0
"1843",2011-10-31,0
"1844",2011-11-01,0
"1845",2011-11-02,0
"1846",2011-11-03,0
"1847",2011-11-04,0
"1848",2011-11-05,0
"1849",2011-11-06,0
"1850",2011-11-07,0
"1851",2011-11-08,0
"1852",2011-11-09,0
"1853",2011-11-10,0
"1854",2011-11-11,0
"1855",2011-11-12,0
"1856",2011-11-13,0
"1857",2011-11-14,0
"1858",2011-11-15,0
"1859",2011-11-16,0
"1860",2011-11-17,0
"1861",2011-11-18,0
"1862",2011-11-19,0
"1863",2011-11-20,0
"1864",2011-11-21,0
"1865",2011-11-22,0
"1866",2011-11-23,0
"1867",2011-11-24,0
"1868",2011-11-25,0
"1869",2011-11-26,0
"1870",2011-11-27,0
"1871",2011-11-28,0
"1872",2011-11-29,0
"1873",2011-11-30,0
"1874",2011-12-01,0
"1875",2011-12-02,0
"1876",2011-12-03,0
"1877",2011-12-04,0
"1878",2011-12-05,86
"1879",2011-12-06,0
"1880",2011-12-07,0
"1881",2011-12-08,52
"1882",2011-12-09,0
"1883",2011-12-10,0
"1884",2011-12-11,0
"1885",2011-12-12,3
"1886",2011-12-13,0
"1887",2011-12-14,0
"1888",2011-12-15,0
"1889",2011-12-16,0
"1890",2011-12-17,52
"1891",2011-12-18,0
"1892",2011-12-23,0
"1893",2011-12-24,70
"1894",2011-12-26,0
"1895",2011-12-27,0
"1896",2011-12-28,0
"1897",2011-12-29,0
"1898",2012-01-01,0
"1899",2012-01-02,0
"1900",2012-01-04,0
"1901",2012-01-11,0
"1902",2012-01-12,0
"1903",2012-01-13,102
"1904",2012-01-14,0
"1905",2012-01-15,0
"1906",2012-01-16,0
"1907",2012-01-17,0
"1908",2012-01-18,0
"1909",2012-01-19,0
"1910",2012-01-20,25
"1911",2012-01-21,0
"1912",2012-01-22,9
"1913",2012-01-23,0
"1914",2012-01-24,152
"1915",2012-01-25,0
"1916",2012-01-26,0
"1917",2012-01-27,0
"1918",2012-01-30,0
"1919",2012-01-31,0
"1920",2012-02-01,0
"1921",2012-02-02,0
"1922",2012-02-03,0
"1923",2012-02-04,0
"1924",2012-02-05,0
"1925",2012-02-06,12
"1926",2012-02-07,0
"1927",2012-02-08,0
"1928",2012-02-09,42
"1929",2012-02-10,71
"1930",2012-02-11,0
"1931",2012-02-12,0
"1932",2012-02-13,0
"1933",2012-02-14,0
"1934",2012-02-15,72
"1935",2012-02-16,91
"1936",2012-02-17,0
"1937",2012-02-18,0
"1938",2012-02-20,0
"1939",2012-02-23,0
"1940",2012-02-24,0
"1941",2012-02-25,73
"1942",2012-02-26,236
"1943",2012-02-27,17
"1944",2012-02-28,0
"1945",2012-02-29,0
"1946",2012-03-01,0
"1947",2012-03-02,0
"1948",2012-03-03,0
"1949",2012-03-04,0
"1950",2012-03-05,1
"1951",2012-03-06,0
"1952",2012-03-07,0
"1953",2012-03-08,115
"1954",2012-03-09,28
"1955",2012-03-10,0
"1956",2012-03-11,83
"1957",2012-03-12,135
"1958",2012-03-13,0
"1959",2012-03-14,0
"1960",2012-03-15,0
"1961",2012-03-16,0
"1962",2012-03-17,0
"1963",2012-03-18,0
"1964",2012-03-19,0
"1965",2012-03-20,0
"1966",2012-03-21,0
"1967",2012-03-22,0
"1968",2012-03-23,0
"1969",2012-03-24,0
"1970",2012-03-25,0
"1971",2012-03-26,0
"1972",2012-03-27,0
"1973",2012-03-28,0
"1974",2012-03-29,107
"1975",2012-03-30,188
"1976",2012-03-31,92
"1977",2012-04-01,71
"1978",2012-04-02,0
"1979",2012-04-03,0
"1980",2012-04-04,0
"1981",2012-04-05,0
"1982",2012-04-06,0
"1983",2012-04-07,0
"1984",2012-04-08,152
"1985",2012-04-09,0
"1986",2012-04-10,0
"1987",2012-04-11,0
"1988",2012-04-12,0
"1989",2012-04-13,0
"1990",2012-04-14,0
"1991",2012-04-15,0
"1992",2012-04-16,60
"1993",2012-04-17,6
"1994",2012-04-18,0
"1995",2012-04-19,0
"1996",2012-04-20,0
"1997",2012-04-21,0
"1998",2012-04-22,33
"1999",2012-04-23,0
"2000",2012-04-24,0
"2001",2012-04-25,0
"2002",2012-04-26,0
"2003",2012-04-27,0
"2004",2012-04-28,0
"2005",2012-04-29,0
"2006",2012-04-30,0
"2007",2012-05-01,0
"2008",2012-05-02,0
"2009",2012-05-03,0
"2010",2012-05-04,0
"2011",2012-05-05,0
"2012",2012-05-06,0
"2013",2012-05-07,0
"2014",2012-05-08,0
"2015",2012-05-09,0
"2016",2012-05-10,0
"2017",2012-05-11,0
"2018",2012-05-12,40
"2019",2012-05-13,22
"2020",2012-05-14,0
"2021",2012-05-15,25
"2022",2012-05-16,254
"2023",2012-05-17,33
"2024",2012-05-18,0
"2025",2012-05-19,0
"2026",2012-05-20,0
"2027",2012-05-21,0
"2028",2012-05-22,0
"2029",2012-05-23,0
"2030",2012-05-24,0
"2031",2012-05-25,0
"2032",2012-05-26,0
"2033",2012-05-27,0
"2034",2012-05-28,0
"2035",2012-05-29,38
"2036",2012-05-30,0
"2037",2012-05-31,0
"2038",2012-06-01,0
"2039",2012-06-02,0
"2040",2012-06-03,0
"2041",2012-06-04,9
"2042",2012-06-05,0
"2043",2012-06-06,0
"2044",2012-06-07,0
"2045",2012-06-08,0
"2046",2012-06-09,0
"2047",2012-06-10,0
"2048",2012-06-11,0
"2049",2012-06-12,0
"2050",2012-06-13,7
"2051",2012-06-14,0
"2052",2012-06-15,0
"2053",2012-06-16,0
"2054",2012-06-17,0
"2055",2012-06-18,0
"2056",2012-06-19,0
"2057",2012-06-20,0
"2058",2012-06-21,0
"2059",2012-06-22,0
"2060",2012-06-23,0
"2061",2012-06-24,0
"2062",2012-06-25,96
"2063",2012-06-26,16
"2064",2012-06-27,0
"2065",2012-06-28,0
"2066",2012-06-29,0
"2067",2012-06-30,0
"2068",2012-07-01,0
"2069",2012-07-02,0
"2070",2012-07-03,0
"2071",2012-07-04,0
"2072",2012-07-05,0
"2073",2012-07-06,0
"2074",2012-07-07,0
"2075",2012-07-08,0
"2076",2012-07-09,0
"2077",2012-07-10,0
"2078",2012-07-11,0
"2079",2012-07-12,0
"2080",2012-07-13,0
"2081",2012-07-14,0
"2082",2012-07-15,97
"2083",2012-07-16,92
"2084",2012-07-17,0
"2085",2012-07-18,0
"2086",2012-07-19,0
"2087",2012-07-20,0
"2088",2012-07-21,80
"2089",2012-07-22,118
"2090",2012-07-23,0
"2091",2012-07-24,0
"2092",2012-07-25,0
"2093",2012-07-26,0
"2094",2012-07-27,0
"2095",2012-07-28,0
"2096",2012-07-29,0
"2097",2012-07-30,0
"2098",2012-07-31,0
"2099",2012-08-01,0
"2100",2012-08-02,0
"2101",2012-08-03,0
"2102",2012-08-04,0
"2103",2012-08-05,0
"2104",2012-08-06,0
"2105",2012-08-07,0
"2106",2012-08-08,0
"2107",2012-08-09,0
"2108",2012-08-10,0
"2109",2012-08-11,0
"2110",2012-08-12,0
"2111",2012-08-13,0
"2112",2012-08-14,0
"2113",2012-08-15,0
"2114",2012-08-16,0
"2115",2012-08-17,0
"2116",2012-08-18,0
"2117",2012-08-19,0
"2118",2012-08-20,0
"2119",2012-08-21,0
"2120",2012-08-22,0
"2121",2012-08-23,0
"2122",2012-08-24,0
"2123",2012-08-25,0
"2124",2012-08-26,142
"2125",2012-08-27,2
"2126",2012-08-28,0
"2127",2012-08-29,0
"2128",2012-08-30,0
"2129",2012-08-31,112
"2130",2012-09-01,0
"2131",2012-09-02,0
"2132",2012-09-03,0
"2133",2012-09-04,0
"2134",2012-09-05,0
"2135",2012-09-06,0
"2136",2012-09-07,0
"2137",2012-09-08,0
"2138",2012-09-09,0
"2139",2012-09-10,0
"2140",2012-09-11,0
"2141",2012-09-12,102
"2142",2012-09-13,277
"2143",2012-09-14,6
"2144",2012-09-15,0
"2145",2012-09-16,0
"2146",2012-09-17,0
"2147",2012-09-18,0
"2148",2012-09-19,85
"2149",2012-09-20,36
"2150",2012-09-21,0
"2151",2012-09-22,0
"2152",2012-09-23,0
"2153",2012-09-24,0
"2154",2012-09-25,0
"2155",2012-09-26,0
"2156",2012-09-27,0
"2157",2012-09-28,0
"2158",2012-09-29,0
"2159",2012-09-30,0
"2160",2012-10-01,0
"2161",2012-10-02,0
"2162",2012-10-03,0
"2163",2012-10-04,0
"2164",2012-10-05,0
"2165",2012-10-06,0
"2166",2012-10-07,0
"2167",2012-10-08,0
"2168",2012-10-09,0
"2169",2012-10-10,0
"2170",2012-10-11,0
"2171",2012-10-12,0
"2172",2012-10-13,0
"2173",2012-10-14,0
"2174",2012-10-15,0
"2175",2012-10-16,0
"2176",2012-10-17,0
"2177",2012-10-18,0
"2178",2012-10-19,0
"2179",2012-10-20,0
"2180",2012-10-21,0
"2181",2012-10-22,0
"2182",2012-10-23,0
"2183",2012-10-24,0
"2184",2012-10-25,0
"2185",2012-10-26,0
"2186",2012-10-27,58
"2187",2012-10-28,1
"2188",2012-10-29,79
"2189",2012-10-30,0
"2190",2012-10-31,0
"2191",2012-11-01,0
"2192",2012-11-02,0
"2193",2012-11-03,0
"2194",2012-11-04,0
"2195",2012-11-05,47
"2196",2012-11-06,113
"2197",2012-11-07,10
"2198",2012-11-08,0
"2199",2012-11-09,0
"2200",2012-11-10,0
"2201",2012-11-11,0
"2202",2012-11-12,0
"2203",2012-11-13,0
"2204",2012-11-14,0
"2205",2012-11-15,0
"2206",2012-11-16,0
"2207",2012-11-17,0
"2208",2012-11-18,0
"2209",2012-11-19,0
"2210",2012-11-20,0
"2211",2012-11-21,0
"2212",2012-11-22,0
"2213",2012-11-23,0
"2214",2012-11-24,0
"2215",2012-11-25,0
"2216",2012-11-26,0
"2217",2012-11-27,0
"2218",2012-11-28,0
"2219",2012-11-29,96
"2220",2012-11-30,71
"2221",2012-12-01,0
"2222",2012-12-02,109
"2223",2012-12-03,26
"2224",2012-12-04,4
"2225",2012-12-05,19
"2226",2012-12-06,123
"2227",2012-12-07,10
"2228",2012-12-08,162
"2229",2012-12-09,7
"2230",2012-12-10,45
"2231",2012-12-11,156
"2232",2012-12-12,15
"2233",2012-12-13,0
"2234",2012-12-14,0
"2235",2012-12-15,0
"2236",2012-12-16,0
"2237",2012-12-17,0
"2238",2012-12-18,0
"2239",2012-12-19,0
"2240",2012-12-20,0
"2241",2012-12-21,0
"2242",2012-12-22,0
"2243",2012-12-23,0
"2244",2012-12-24,0
"2245",2012-12-25,0
"2246",2012-12-26,0
"2247",2012-12-27,0
"2248",2012-12-28,61
"2249",2012-12-29,0
"2250",2012-12-30,0
"2251",2012-12-31,0
"2252",2013-01-01,0
"2253",2013-01-02,0
"2254",2013-01-03,0
"2255",2013-01-04,21
"2256",2013-01-05,117
"2257",2013-01-06,71
"2258",2013-01-07,6
"2259",2013-01-08,0
"2260",2013-01-09,0
"2261",2013-01-10,0
"2262",2013-01-11,0
"2263",2013-01-12,0
"2264",2013-01-13,0
"2265",2013-01-14,0
"2266",2013-01-15,0
"2267",2013-01-16,243
"2268",2013-01-17,226
"2269",2013-01-18,6
"2270",2013-01-19,0
"2271",2013-01-20,0
"2272",2013-01-21,0
"2273",2013-01-22,0
"2274",2013-01-23,0
"2275",2013-01-24,0
"2276",2013-01-25,0
"2277",2013-01-26,0
"2278",2013-01-27,0
"2279",2013-01-28,0
"2280",2013-01-29,0
"2281",2013-01-30,0
"2282",2013-01-31,0
"2283",2013-02-01,0
"2284",2013-02-02,152
"2285",2013-02-03,222
"2286",2013-02-04,0
"2287",2013-02-05,0
"2288",2013-02-06,0
"2289",2013-02-07,182
"2290",2013-02-08,135
"2291",2013-02-09,189
"2292",2013-02-10,10
"2293",2013-02-11,0
"2294",2013-02-12,0
"2295",2013-02-13,104
"2296",2013-02-14,0
"2297",2013-02-15,0
"2298",2013-02-16,0
"2299",2013-02-17,0
"2300",2013-02-18,0
"2301",2013-02-19,0
"2302",2013-02-20,0
"2303",2013-02-21,0
"2304",2013-02-22,0
"2305",2013-02-23,0
"2306",2013-02-24,0
"2307",2013-02-25,0
"2308",2013-02-26,0
"2309",2013-02-27,0
"2310",2013-02-28,0
"2311",2013-03-01,0
"2312",2013-03-02,0
"2313",2013-03-03,0
"2314",2013-03-04,0
"2315",2013-03-05,0
"2316",2013-03-06,0
"2317",2013-03-07,0
"2318",2013-03-08,0
"2319",2013-03-09,0
"2320",2013-03-10,0
"2321",2013-03-11,0
"2322",2013-03-12,0
"2323",2013-03-13,0
"2324",2013-03-14,242
"2325",2013-03-15,271
"2326",2013-03-16,0
"2327",2013-03-17,0
"2328",2013-03-18,0
"2329",2013-03-19,0
"2330",2013-03-20,0
"2331",2013-03-21,128
"2332",2013-03-22,0
"2333",2013-03-23,0
"2334",2013-03-24,0
"2335",2013-03-25,0
"2336",2013-03-26,0
"2337",2013-03-27,0
"2338",2013-03-28,0
"2339",2013-03-29,0
"2340",2013-03-30,0
"2341",2013-03-31,132
"2342",2013-04-01,0
"2343",2013-04-02,0
"2344",2013-04-03,0
"2345",2013-04-04,0
"2346",2013-04-05,0
"2347",2013-04-06,0
"2348",2013-04-07,0
"2349",2013-04-08,0
"2350",2013-04-09,0
"2351",2013-04-10,0
"2352",2013-04-11,0
"2353",2013-04-12,0
"2354",2013-04-13,0
"2355",2013-04-14,0
"2356",2013-04-15,0
"2357",2013-04-16,0
"2358",2013-04-17,0
"2359",2013-04-18,0
"2360",2013-04-19,0
"2361",2013-04-20,0
"2362",2013-04-21,0
"2363",2013-04-22,0
"2364",2013-04-23,0
"2365",2013-04-24,0
"2366",2013-04-25,0
"2367",2013-04-26,0
"2368",2013-04-27,0
"2369",2013-04-28,0
"2370",2013-04-29,0
"2371",2013-04-30,0
"2372",2013-05-01,0
"2373",2013-05-02,0
"2374",2013-05-03,0
"2375",2013-05-04,0
"2376",2013-05-05,0
"2377",2013-05-06,0
"2378",2013-05-07,0
"2379",2013-05-08,0
"2380",2013-05-09,0
"2381",2013-05-10,0
"2382",2013-05-11,118
"2383",2013-05-12,148
"2384",2013-05-13,28
"2385",2013-05-14,0
"2386",2013-05-15,0
"2387",2013-05-16,0
"2388",2013-05-17,0
"2389",2013-05-18,0
"2390",2013-05-19,0
"2391",2013-05-20,0
"2392",2013-05-21,0
"2393",2013-05-22,75
"2394",2013-05-23,40
"2395",2013-05-24,176
"2396",2013-05-25,0
"2397",2013-05-26,65
"2398",2013-05-27,0
"2399",2013-05-28,0
"2400",2013-05-29,3
"2401",2013-05-30,103
"2402",2013-05-31,0
"2403",2013-06-01,46
"2404",2013-06-02,167
"2405",2013-06-03,53
"2406",2013-06-04,0
"2407",2013-06-05,0
"2408",2013-06-06,0
"2409",2013-06-07,0
"2410",2013-06-08,0
"2411",2013-06-09,0
"2412",2013-06-10,0
"2413",2013-06-11,1
"2414",2013-06-12,28
"2415",2013-06-13,0
"2416",2013-06-14,0
"2417",2013-06-15,0
"2418",2013-06-16,0
"2419",2013-06-17,0
"2420",2013-06-18,0
"2421",2013-06-19,0
"2422",2013-06-20,0
"2423",2013-06-21,0
"2424",2013-06-22,0
"2425",2013-06-23,0
"2426",2013-06-24,257
"2427",2013-06-25,202
"2428",2013-06-26,154
"2429",2013-06-27,0
"2430",2013-06-28,0
"2431",2013-06-29,0
"2432",2013-06-30,0
"2433",2013-07-01,0
"2434",2013-07-02,0
"2435",2013-07-03,0
"2436",2013-07-04,0
"2437",2013-07-05,0
"2438",2013-07-06,0
"2439",2013-07-07,0
"2440",2013-07-08,0
"2441",2013-07-09,0
"2442",2013-07-10,0
"2443",2013-07-11,0
"2444",2013-07-12,0
"2445",2013-07-13,0
"2446",2013-07-14,0
"2447",2013-07-15,0
"2448",2013-07-16,0
"2449",2013-07-17,0
"2450",2013-07-18,0
"2451",2013-07-19,0
"2452",2013-07-20,0
"2453",2013-07-21,0
"2454",2013-07-22,0
"2455",2013-07-23,2
"2456",2013-07-24,0
"2457",2013-07-25,0
"2458",2013-07-26,0
"2459",2013-07-27,0
"2460",2013-07-28,0
"2461",2013-07-29,0
"2462",2013-07-30,18
"2463",2013-07-31,0
"2464",2013-08-01,0
"2465",2013-08-02,0
"2466",2013-08-03,2
"2467",2013-08-04,0
"2468",2013-08-05,0
"2469",2013-08-06,0
"2470",2013-08-07,0
"2471",2013-08-08,0
"2472",2013-08-09,91
"2473",2013-08-10,124
"2474",2013-08-11,0
"2475",2013-08-12,0
"2476",2013-08-13,0
"2477",2013-08-14,0
"2478",2013-08-15,0
"2479",2013-08-16,0
"2480",2013-08-17,0
"2481",2013-08-18,0
"2482",2013-08-19,8
"2483",2013-08-20,155
"2484",2013-08-21,0
"2485",2013-08-22,0
"2486",2013-08-23,0
"2487",2013-08-24,0
"2488",2013-08-25,0
"2489",2013-08-26,0
"2490",2013-08-27,0
"2491",2013-08-28,17
"2492",2013-08-29,0
"2493",2013-08-30,0
"2494",2013-08-31,0
"2495",2013-09-01,0
"2496",2013-09-02,0
"2497",2013-09-03,0
"2498",2013-09-04,0
"2499",2013-09-05,0
"2500",2013-09-06,0
"2501",2013-09-07,0
"2502",2013-09-08,0
"2503",2013-09-09,10
"2504",2013-09-10,0
"2505",2013-09-11,0
"2506",2013-09-12,27
"2507",2013-09-13,24
"2508",2013-09-14,0
"2509",2013-09-15,0
"2510",2013-09-16,0
"2511",2013-09-17,138
"2512",2013-09-18,0
"2513",2013-09-19,53
"2514",2013-09-20,0
"2515",2013-09-21,0
"2516",2013-09-22,0
"2517",2013-09-23,0
"2518",2013-09-24,0
"2519",2013-09-25,0
"2520",2013-09-26,0
"2521",2013-09-27,0
"2522",2013-09-28,0
"2523",2013-09-29,0
"2524",2013-09-30,0
"2525",2013-10-01,0
"2526",2013-10-02,0
"2527",2013-10-03,0
"2528",2013-10-04,0
"2529",2013-10-05,0
"2530",2013-10-06,0
"2531",2013-10-07,0
"2532",2013-10-08,0
"2533",2013-10-09,0
"2534",2013-10-10,0
"2535",2013-10-11,0
"2536",2013-10-12,0
"2537",2013-10-13,0
"2538",2013-10-14,0
"2539",2013-10-15,0
"2540",2013-10-16,0
"2541",2013-10-17,0
"2542",2013-10-18,0
"2543",2013-10-19,0
"2544",2013-10-20,0
"2545",2013-10-21,0
"2546",2013-10-22,0
"2547",2013-10-23,0
"2548",2013-10-24,0
"2549",2013-10-25,0
"2550",2013-10-26,0
"2551",2013-10-27,0
"2552",2013-10-28,0
"2553",2013-10-29,0
"2554",2013-10-30,0
"2555",2013-10-31,0
"2556",2013-11-01,0
"2557",2013-11-02,0
"2558",2013-11-03,10
"2559",2013-11-04,0
"2560",2013-11-05,0
"2561",2013-11-06,0
"2562",2013-11-07,0
"2563",2013-11-08,0
"2564",2013-11-09,0
"2565",2013-11-10,70
"2566",2013-11-11,170
"2567",2013-11-12,0
"2568",2013-11-13,0
"2569",2013-11-14,0
"2570",2013-11-15,0
"2571",2013-11-16,0
"2572",2013-11-17,0
"2573",2013-11-18,0
"2574",2013-11-19,0
"2575",2013-11-20,0
"2576",2013-11-21,0
"2577",2013-11-22,0
"2578",2013-11-23,0
"2579",2013-11-24,95
"2580",2013-11-25,285
"2581",2013-11-26,281
"2582",2013-11-27,27
"2583",2013-11-28,0
"2584",2013-11-29,0
"2585",2013-11-30,0
"2586",2013-12-01,0
"2587",2013-12-02,0
"2588",2013-12-03,0
"2589",2013-12-04,0
"2590",2013-12-05,0
"2591",2013-12-06,137
"2592",2013-12-07,75
"2593",2013-12-08,0
"2594",2013-12-09,0
"2595",2013-12-10,0
"2596",2013-12-11,0
"2597",2013-12-12,0
"2598",2013-12-13,0
"2599",2013-12-14,9
"2600",2013-12-15,7
"2601",2013-12-16,0
"2602",2013-12-17,0
"2603",2013-12-18,0
"2604",2013-12-19,0
"2605",2013-12-20,0
"2606",2013-12-21,0
"2607",2013-12-22,0
"2608",2013-12-23,0
"2609",2013-12-24,0
"2610",2013-12-25,0
"2611",2013-12-26,34
"2612",2013-12-27,15
"2613",2013-12-28,0
"2614",2013-12-29,0
"2615",2013-12-30,0
"2616",2013-12-31,0
"2617",2014-01-01,0
"2618",2014-01-02,0
"2619",2014-01-03,0
"2620",2014-01-04,0
"2621",2014-01-05,0
"2622",2014-01-06,0
"2623",2014-01-07,0
"2624",2014-01-08,0
"2625",2014-01-09,0
"2626",2014-01-10,0
"2627",2014-01-11,0
"2628",2014-01-12,0
"2629",2014-01-13,0
"2630",2014-01-14,0
"2631",2014-01-15,0
"2632",2014-01-16,0
"2633",2014-01-17,0
"2634",2014-01-18,0
"2635",2014-01-19,0
"2636",2014-01-20,0
"2637",2014-01-21,21
"2638",2014-01-22,0
"2639",2014-01-23,0
"2640",2014-01-24,160
"2641",2014-01-25,2
"2642",2014-01-26,90
"2643",2014-01-27,0
"2644",2014-01-28,0
"2645",2014-01-29,0
"2646",2014-01-30,0
"2647",2014-01-31,0
"2648",2014-02-01,0
"2649",2014-02-02,0
"2650",2014-02-03,0
"2651",2014-02-04,0
"2652",2014-02-05,0
"2653",2014-02-06,0
"2654",2014-02-07,0
"2655",2014-02-08,0
"2656",2014-02-09,0
"2657",2014-02-10,0
"2658",2014-02-11,0
"2659",2014-02-12,61
"2660",2014-02-13,0
"2661",2014-02-14,0
"2662",2014-02-15,0
"2663",2014-02-16,0
"2664",2014-02-17,0
"2665",2014-02-18,0
"2666",2014-02-19,0
"2667",2014-02-20,0
"2668",2014-02-21,0
"2669",2014-02-22,128
"2670",2014-02-23,0
"2671",2014-02-24,0
"2672",2014-02-25,0
"2673",2014-02-26,0
"2674",2014-02-27,0
"2675",2014-02-28,0
"2676",2014-03-01,0
"2677",2014-03-02,0
"2678",2014-03-03,0
"2679",2014-03-04,44
"2680",2014-03-05,104
"2681",2014-03-06,27
"2682",2014-03-07,0
"2683",2014-03-08,0
"2684",2014-03-09,0
"2685",2014-03-10,0
"2686",2014-03-11,0
"2687",2014-03-12,0
"2688",2014-03-13,0
"2689",2014-03-14,0
"2690",2014-03-15,76
"2691",2014-03-16,94
"2692",2014-03-17,0
"2693",2014-03-18,0
"2694",2014-03-19,124
"2695",2014-03-20,0
"2696",2014-03-21,0
"2697",2014-03-22,0
"2698",2014-03-23,99
"2699",2014-03-24,245
"2700",2014-03-25,0
"2701",2014-03-26,0
"2702",2014-03-27,0
"2703",2014-03-28,0
"2704",2014-03-29,0
"2705",2014-03-30,0
"2706",2014-03-31,0
"2707",2014-04-01,0
"2708",2014-04-02,0
"2709",2014-04-03,0
"2710",2014-04-04,0
"2711",2014-04-05,0
"2712",2014-04-06,0
"2713",2014-04-07,0
"2714",2014-04-08,25
"2715",2014-04-09,189
"2716",2014-04-10,24
"2717",2014-04-11,0
"2718",2014-04-12,0
"2719",2014-04-13,0
"2720",2014-04-14,63
"2721",2014-04-15,252
"2722",2014-04-16,35
"2723",2014-04-17,0
"2724",2014-04-18,0
"2725",2014-04-19,0
"2726",2014-04-20,0
"2727",2014-04-21,0
"2728",2014-04-22,0
"2729",2014-04-23,0
"2730",2014-04-24,0
"2731",2014-04-25,0
"2732",2014-04-26,0
"2733",2014-04-27,0
"2734",2014-04-28,0
"2735",2014-04-29,0
"2736",2014-04-30,0
"2737",2014-05-01,0
"2738",2014-05-02,0
"2739",2014-05-03,141
"2740",2014-05-04,50
"2741",2014-05-05,0
"2742",2014-05-06,0
"2743",2014-05-07,0
"2744",2014-05-08,0
"2745",2014-05-09,0
"2746",2014-05-10,0
"2747",2014-05-11,41
"2748",2014-05-12,3
"2749",2014-05-13,82
"2750",2014-05-14,216
"2751",2014-05-15,236
"2752",2014-05-16,180
"2753",2014-05-17,0
"2754",2014-05-18,0
"2755",2014-05-19,0
"2756",2014-05-20,0
"2757",2014-05-21,0
"2758",2014-05-22,0
"2759",2014-05-23,0
"2760",2014-05-24,0
"2761",2014-05-25,0
"2762",2014-05-26,0
"2763",2014-05-27,0
"2764",2014-05-28,0
"2765",2014-05-29,0
"2766",2014-05-30,11
"2767",2014-05-31,0
"2768",2014-06-01,0
"2769",2014-06-02,0
"2770",2014-06-03,0
"2771",2014-06-04,0
"2772",2014-06-05,0
"2773",2014-06-06,0
"2774",2014-06-07,0
"2775",2014-06-08,0
"2776",2014-06-09,0
"2777",2014-06-10,0
"2778",2014-06-11,0
"2779",2014-06-12,0
"2780",2014-06-13,0
"2781",2014-06-14,0
"2782",2014-06-15,0
"2783",2014-06-16,0
"2784",2014-06-17,0
"2785",2014-06-18,0
"2786",2014-06-19,0
"2787",2014-06-20,38
"2788",2014-06-21,0
"2789",2014-06-22,0
"2790",2014-06-23,0
"2791",2014-06-24,0
"2792",2014-06-25,0
"2793",2014-06-26,0
"2794",2014-06-27,0
"2795",2014-06-28,0
"2796",2014-06-29,0
"2797",2014-06-30,106
"2798",2014-07-01,0
"2799",2014-07-02,0
"2800",2014-07-03,0
"2801",2014-07-04,0
"2802",2014-07-05,0
"2803",2014-07-06,0
"2804",2014-07-07,0
"2805",2014-07-08,0
"2806",2014-07-09,19
"2807",2014-07-10,0
"2808",2014-07-11,58
"2809",2014-07-12,0
"2810",2014-07-13,0
"2811",2014-07-14,0
"2812",2014-07-15,0
"2813",2014-07-16,0
"2814",2014-07-17,0
"2815",2014-07-18,0
"2816",2014-07-19,0
"2817",2014-07-20,0
"2818",2014-07-21,0
"2819",2014-07-22,0
"2820",2014-07-23,0
"2821",2014-07-24,0
"2822",2014-07-25,0
"2823",2014-07-26,0
"2824",2014-07-27,0
"2825",2014-07-28,0
"2826",2014-07-29,0
"2827",2014-07-30,0
"2828",2014-07-31,0
"2829",2014-08-01,0
"2830",2014-08-02,0
"2831",2014-08-03,0
"2832",2014-08-04,0
"2833",2014-08-05,0
"2834",2014-08-06,0
"2835",2014-08-07,0
"2836",2014-08-08,0
"2837",2014-08-09,0
"2838",2014-08-10,0
"2839",2014-08-11,0
"2840",2014-08-12,0
"2841",2014-08-13,0
"2842",2014-08-14,61
"2843",2014-08-15,0
"2844",2014-08-16,0
"2845",2014-08-17,0
"2846",2014-08-18,0
"2847",2014-08-19,0
"2848",2014-08-20,0
"2849",2014-08-21,0
"2850",2014-08-22,0
"2851",2014-08-23,0
"2852",2014-08-24,0
"2853",2014-08-25,0
"2854",2014-08-26,0
"2855",2014-08-27,52
"2856",2014-08-28,0
"2857",2014-08-29,0
"2858",2014-08-30,0
"2859",2014-08-31,19
"2860",2014-09-01,224
"2861",2014-09-02,63
"2862",2014-09-03,0
"2863",2014-09-04,0
"2864",2014-09-05,0
"2865",2014-09-06,0
"2866",2014-09-07,0
"2867",2014-09-08,0
"2868",2014-09-09,0
"2869",2014-09-10,0
"2870",2014-09-11,0
"2871",2014-09-12,38
"2872",2014-09-13,0
"2873",2014-09-14,0
"2874",2014-09-15,0
"2875",2014-09-16,0
"2876",2014-09-17,0
"2877",2014-09-18,0
"2878",2014-09-19,0
"2879",2014-09-20,0
"2880",2014-09-21,0
"2881",2014-09-22,158
"2882",2014-09-23,4
"2883",2014-09-24,0
"2884",2014-09-25,0
"2885",2014-09-26,0
"2886",2014-09-27,0
"2887",2014-09-28,0
"2888",2014-09-29,0
"2889",2014-09-30,0
"2890",2014-10-01,0
"2891",2014-10-02,0
"2892",2014-10-03,0
"2893",2014-10-04,0
"2894",2014-10-05,0
"2895",2014-10-06,0
"2896",2014-10-07,0
"2897",2014-10-08,0
"2898",2014-10-09,0
"2899",2014-10-10,0
"2900",2014-10-11,0
"2901",2014-10-12,0
"2902",2014-10-13,0
"2903",2014-10-14,0
"2904",2014-10-15,0
"2905",2014-10-16,0
"2906",2014-10-17,0
"2907",2014-10-18,0
"2908",2014-10-19,0
"2909",2014-10-20,0
"2910",2014-10-21,16
"2911",2014-10-22,143
"2912",2014-10-23,257
"2913",2014-10-24,0
"2914",2014-10-25,0
"2915",2014-10-26,0
"2916",2014-10-27,0
"2917",2014-10-28,0
"2918",2014-10-29,0
"2919",2014-10-30,0
"2920",2014-10-31,0
"2921",2014-11-01,0
"2922",2014-11-02,0
"2923",2014-11-03,0
"2924",2014-11-04,0
"2925",2014-11-05,0
"2926",2014-11-06,0
"2927",2014-11-07,0
"2928",2014-11-08,0
"2929",2014-11-09,0
"2930",2014-11-10,0
"2931",2014-11-11,0
"2932",2014-11-12,0
"2933",2014-11-13,0
"2934",2014-11-14,0
"2935",2014-11-15,0
"2936",2014-11-16,0
"2937",2014-11-17,0
"2938",2014-11-18,0
"2939",2014-11-19,0
"2940",2014-11-20,0
"2941",2014-11-21,0
"2942",2014-11-22,0
"2943",2014-11-23,0
"2944",2014-11-24,0
"2945",2014-11-25,0
"2946",2014-11-26,0
"2947",2014-11-27,0
"2948",2014-11-28,0
"2949",2014-11-29,0
"2950",2014-11-30,0
"2951",2014-12-01,0
"2952",2014-12-02,0
"2953",2014-12-03,0
"2954",2014-12-04,0
"2955",2014-12-05,0
"2956",2014-12-06,0
"2957",2014-12-07,0
"2958",2014-12-08,0
"2959",2014-12-09,64
"2960",2014-12-10,0
"2961",2014-12-11,0
"2962",2014-12-12,0
"2963",2014-12-13,0
"2964",2014-12-14,0
"2965",2014-12-15,0
"2966",2014-12-16,0
"2967",2014-12-17,0
"2968",2014-12-18,0
"2969",2014-12-19,0
"2970",2014-12-20,0
"2971",2014-12-21,46
"2972",2014-12-22,0
"2973",2014-12-23,0
"2974",2014-12-24,0
"2975",2014-12-25,21
"2976",2014-12-26,234
"2977",2014-12-27,0
"2978",2014-12-28,127
"2979",2014-12-29,244
"2980",2014-12-30,49
"2981",2014-12-31,0
"2982",2015-01-01,0
"2983",2015-01-02,0
"2984",2015-01-03,0
"2985",2015-01-04,129
"2986",2015-01-05,12
"2987",2015-01-06,0
"2988",2015-01-07,0
"2989",2015-01-08,0
"2990",2015-01-09,0
"2991",2015-01-10,0
"2992",2015-01-11,118
"2993",2015-01-12,0
"2994",2015-01-13,0
"2995",2015-01-14,0
"2996",2015-01-15,0
"2997",2015-01-16,0
"2998",2015-01-17,0
"2999",2015-01-18,0
"3000",2015-01-19,0
"3001",2015-01-21,0
"3002",2015-01-22,0
"3003",2015-01-23,31
"3004",2015-01-24,89
"3005",2015-01-25,233
"3006",2015-01-26,0
"3007",2015-01-27,115
"3008",2015-01-28,8
"3009",2015-01-29,0
"3010",2015-01-30,68
"3011",2015-01-31,0
"3012",2015-02-01,39
"3013",2015-02-02,36
"3014",2015-02-03,0
"3015",2015-02-04,0
"3016",2015-02-05,0
"3017",2015-02-06,0
"3018",2015-02-07,0
"3019",2015-02-08,159
"3020",2015-02-09,60
"3021",2015-02-10,0
"3022",2015-02-11,0
"3023",2015-02-12,0
"3024",2015-02-13,0
"3025",2015-02-14,0
"3026",2015-02-15,0
"3027",2015-02-16,0
"3028",2015-02-17,0
"3029",2015-02-18,0
"3030",2015-02-19,0
"3031",2015-02-20,0
"3032",2015-02-21,0
"3033",2015-02-22,0
"3034",2015-02-23,0
"3035",2015-02-24,157
"3036",2015-02-25,204
"3037",2015-02-26,0
"3038",2015-02-27,12
"3039",2015-02-28,7
"3040",2015-03-01,0
"3041",2015-03-02,59
"3042",2015-03-03,16
"3043",2015-03-04,121
"3044",2015-03-05,275
"3045",2015-03-06,12
"3046",2015-03-07,0
"3047",2015-03-08,0
"3048",2015-03-09,0
"3049",2015-03-10,0
"3050",2015-03-11,61
"3051",2015-03-12,0
"3052",2015-03-13,0
"3053",2015-03-14,0
"3054",2015-03-15,0
"3055",2015-03-16,0
"3056",2015-03-17,0
"3057",2015-03-18,0
"3058",2015-03-19,0
"3059",2015-03-20,0
"3060",2015-03-21,0
"3061",2015-03-22,0
"3062",2015-03-23,0
"3063",2015-03-24,0
"3064",2015-03-25,0
"3065",2015-03-26,0
"3066",2015-03-27,214
"3067",2015-03-28,64
"3068",2015-03-29,0
"3069",2015-03-30,73
"3070",2015-03-31,63
"3071",2015-04-01,196
"3072",2015-04-02,83
"3073",2015-04-03,29
"3074",2015-04-04,0
"3075",2015-04-05,41
"3076",2015-04-06,157
"3077",2015-04-07,67
"3078",2015-04-08,0
"3079",2015-04-09,0
"3080",2015-04-10,0
"3081",2015-04-11,0
"3082",2015-04-12,0
"3083",2015-04-13,70
"3084",2015-04-14,136
"3085",2015-04-15,0
"3086",2015-04-16,0
"3087",2015-04-17,0
"3088",2015-04-18,0
"3089",2015-04-19,0
"3090",2015-04-20,0
"3091",2015-04-21,0
"3092",2015-04-22,0
"3093",2015-04-23,0
"3094",2015-04-24,0
"3095",2015-04-25,0
"3096",2015-04-26,0
"3097",2015-04-27,0
"3098",2015-04-28,134
"3099",2015-04-29,1
"3100",2015-04-30,0
"3101",2015-05-01,0
"3102",2015-05-02,0
"3103",2015-05-03,0
"3104",2015-05-04,0
"3105",2015-05-05,0
"3106",2015-05-06,0
"3107",2015-05-07,0
"3108",2015-05-08,0
"3109",2015-05-09,89
"3110",2015-05-10,0
"3111",2015-05-11,0
"3112",2015-05-12,0
"3113",2015-05-13,0
"3114",2015-05-14,0
"3115",2015-05-15,0
"3116",2015-05-16,0
"3117",2015-05-17,0
"3118",2015-05-18,0
"3119",2015-05-19,0
"3120",2015-05-20,0
"3121",2015-05-21,55
"3122",2015-05-26,70
"3123",2015-05-27,205
"3124",2015-05-28,0
"3125",2015-05-29,0
"3126",2015-05-30,0
"3127",2015-05-31,0
"3128",2015-06-01,0
"3129",2015-06-02,0
"3130",2015-06-03,0
"3131",2015-06-04,0
"3132",2015-06-05,0
"3133",2015-06-06,0
"3134",2015-06-07,0
"3135",2015-06-08,5
"3136",2015-06-09,0
"3137",2015-06-10,0
"3138",2015-06-11,0
"3139",2015-06-12,0
"3140",2015-06-13,0
"3141",2015-06-14,0
"3142",2015-06-15,0
"3143",2015-06-16,0
"3144",2015-06-17,0
"3145",2015-06-18,0
"3146",2015-06-19,142
"3147",2015-06-20,103
"3148",2015-06-21,0
"3149",2015-06-22,0
"3150",2015-06-23,113
"3151",2015-06-24,4
"3152",2015-06-25,0
"3153",2015-06-26,0
"3154",2015-06-27,0
"3155",2015-06-28,0
"3156",2015-06-29,0
"3157",2015-06-30,0
"3158",2015-07-01,0
"3159",2015-07-02,0
"3160",2015-07-03,0
"3161",2015-07-04,0
"3162",2015-07-05,0
"3163",2015-07-06,0
"3164",2015-07-07,0
"3165",2015-07-08,50
"3166",2015-07-09,106
"3167",2015-07-10,2
"3168",2015-07-11,0
"3169",2015-07-12,0
"3170",2015-07-13,1
"3171",2015-07-14,0
"3172",2015-07-15,0
"3173",2015-07-16,0
"3174",2015-07-17,5
"3175",2015-07-18,0
"3176",2015-07-19,0
"3177",2015-07-20,0
"3178",2015-07-21,0
"3179",2015-07-22,0
"3180",2015-07-23,0
"3181",2015-07-24,0
"3182",2015-07-25,39
"3183",2015-07-26,23
"3184",2015-07-27,0
"3185",2015-07-28,0
"3186",2015-07-29,0
"3187",2015-07-30,0
"3188",2015-07-31,0
"3189",2015-08-01,0
"3190",2015-08-02,0
"3191",2015-08-03,0
"3192",2015-08-04,0
"3193",2015-08-05,0
"3194",2015-08-06,0
"3195",2015-08-07,0
"3196",2015-08-08,0
"3197",2015-08-09,0
"3198",2015-08-10,0
"3199",2015-08-11,0
"3200",2015-08-12,0
"3201",2015-08-13,0
"3202",2015-08-14,0
"3203",2015-08-15,0
"3204",2015-08-16,0
"3205",2015-08-17,0
"3206",2015-08-18,0
"3207",2015-08-19,0
"3208",2015-08-20,0
"3209",2015-08-21,0
"3210",2015-08-22,0
"3211",2015-08-23,0
"3212",2015-08-24,0
"3213",2015-08-25,0
"3214",2015-08-26,0
"3215",2015-08-27,0
"3216",2015-08-28,0
"3217",2015-08-29,0
"3218",2015-08-30,0
"3219",2015-08-31,0
"3220",2015-09-01,0
"3221",2015-09-02,0
"3222",2015-09-03,0
"3223",2015-09-04,0
"3224",2015-09-05,73
"3225",2015-09-06,0
"3226",2015-09-07,0
"3227",2015-09-08,0
"3228",2015-09-09,0
"3229",2015-09-10,0
"3230",2015-09-11,0
"3231",2015-09-12,0
"3232",2015-09-13,0
"3233",2015-09-14,0
"3234",2015-09-15,0
"3235",2015-09-16,0
"3236",2015-09-17,0
"3237",2015-09-18,0
"3238",2015-09-19,2
"3239",2015-09-20,0
"3240",2015-09-21,0
"3241",2015-09-22,0
"3242",2015-09-23,3
"3243",2015-09-24,0
"3244",2015-09-25,0
"3245",2015-09-26,0
"3246",2015-09-27,0
"3247",2015-09-28,0
"3248",2015-09-29,0
"3249",2015-09-30,0
"3250",2015-10-01,0
"3251",2015-10-02,0
"3252",2015-10-03,0
"3253",2015-10-04,0
"3254",2015-10-05,0
"3255",2015-10-06,0
"3256",2015-10-07,0
"3257",2015-10-08,0
"3258",2015-10-09,0
"3259",2015-10-10,0
"3260",2015-10-11,0
"3261",2015-10-12,0
"3262",2015-10-13,0
"3263",2015-10-14,0
"3264",2015-10-15,0
"3265",2015-10-16,0
"3266",2015-10-17,0
"3267",2015-10-18,0
"3268",2015-10-19,0
"3269",2015-10-20,0
"3270",2015-10-21,0
"3271",2015-10-22,0
"3272",2015-10-23,0
"3273",2015-10-24,0
"3274",2015-10-25,0
"3275",2015-10-26,0
"3276",2015-10-27,0
"3277",2015-10-28,0
"3278",2015-10-29,0
"3279",2015-10-30,0
"3280",2015-10-31,0
"3281",2015-11-01,0
"3282",2015-11-02,0
"3283",2015-11-03,0
"3284",2015-11-04,0
"3285",2015-11-05,0
"3286",2015-11-06,0
"3287",2015-11-07,0
"3288",2015-11-08,0
"3289",2015-11-09,0
"3290",2015-11-10,0
"3291",2015-11-11,0
"3292",2015-11-12,0
"3293",2015-11-13,0
"3294",2015-11-14,0
"3295",2015-11-15,0
"3296",2015-11-16,0
"3297",2015-11-17,0
"3298",2015-11-18,0
"3299",2015-11-19,0
"3300",2015-11-20,0
"3301",2015-11-21,161
"3302",2015-11-22,156
"3303",2015-11-23,13
"3304",2015-11-24,0
"3305",2015-11-25,0
"3306",2015-11-26,166
"3307",2015-11-27,9
"3308",2015-11-28,0
"3309",2015-11-29,0
"3310",2015-11-30,0
"3311",2015-12-01,0
"3312",2015-12-02,0
"3313",2015-12-03,0
"3314",2015-12-04,0
"3315",2015-12-05,0
"3316",2015-12-06,0
"3317",2015-12-07,0
"3318",2015-12-08,0
"3319",2015-12-09,51
"3320",2015-12-10,0
"3321",2015-12-11,0
"3322",2015-12-12,0
"3323",2015-12-13,0
"3324",2015-12-14,0
"3325",2015-12-15,0
"3326",2015-12-16,0
"3327",2015-12-17,0
"3328",2015-12-18,0
"3329",2015-12-19,0
"3330",2015-12-20,0
"3331",2015-12-21,0
"3332",2015-12-22,0
"3333",2015-12-23,0
"3334",2015-12-24,0
"3335",2015-12-25,0
"3336",2015-12-26,0
"3337",2015-12-27,0
"3338",2015-12-28,0
"3339",2015-12-29,0
"3340",2015-12-30,0
"3341",2015-12-31,0
"3342",2016-01-01,0
"3343",2016-01-02,0
"3344",2016-01-03,0
"3345",2016-01-04,0
"3346",2016-01-05,0
"3347",2016-01-06,0
"3348",2016-01-07,0
"3349",2016-01-08,0
"3350",2016-01-09,0
"3351",2016-01-10,0
"3352",2016-01-11,0
"3353",2016-01-12,0
"3354",2016-01-13,100
"3355",2016-01-14,0
"3356",2016-01-15,133
"3357",2016-01-16,193
"3358",2016-01-17,189
"3359",2016-01-18,23
"3360",2016-01-19,0
"3361",2016-01-20,0
"3362",2016-01-21,0
"3363",2016-01-22,0
"3364",2016-01-23,0
"3365",2016-01-24,0
"3366",2016-01-25,0
"3367",2016-01-26,0
"3368",2016-01-27,0
"3369",2016-01-28,0
"3370",2016-01-29,0
"3371",2016-01-30,0
"3372",2016-01-31,0
"3373",2016-02-01,0
"3374",2016-02-02,0
"3375",2016-02-03,77
"3376",2016-02-04,99
"3377",2016-02-05,0
"3378",2016-02-06,0
"3379",2016-02-07,0
"3380",2016-02-08,0
"3381",2016-02-09,0
"3382",2016-02-10,90
"3383",2016-02-11,0
"3384",2016-02-12,0
"3385",2016-02-13,0
"3386",2016-02-14,0
"3387",2016-02-15,17
"3388",2016-02-16,0
"3389",2016-02-17,0
"3390",2016-02-18,0
"3391",2016-02-19,58
"3392",2016-02-20,0
"3393",2016-02-21,0
"3394",2016-02-22,0
"3395",2016-02-23,19
"3396",2016-02-24,51
"3397",2016-02-25,0
"3398",2016-02-26,0
"3399",2016-02-27,0
"3400",2016-02-28,0
"3401",2016-03-01,105
"3402",2016-03-02,18
"3403",2016-03-03,194
"3404",2016-03-04,1
"3405",2016-03-05,0
"3406",2016-03-06,0
"3407",2016-03-07,0
"3408",2016-03-08,131
"3409",2016-03-09,0
"3410",2016-03-10,0
"3411",2016-03-11,0
"3412",2016-03-12,0
"3413",2016-03-13,0
"3414",2016-03-14,0
"3415",2016-03-15,0
"3416",2016-03-16,0
"3417",2016-03-17,0
"3418",2016-03-18,0
"3419",2016-03-19,0
"3420",2016-03-20,0
"3421",2016-03-21,0
"3422",2016-03-22,0
"3423",2016-03-23,199
"3424",2016-03-24,21
"3425",2016-03-25,0
"3426",2016-03-26,0
"3427",2016-03-27,0
"3428",2016-03-28,0
"3429",2016-03-29,0
"3430",2016-03-30,0
"3431",2016-03-31,0
"3432",2016-04-01,0
"3433",2016-04-02,0
"3434",2016-04-03,0
"3435",2016-04-04,0
"3436",2016-04-05,0
"3437",2016-04-06,0
"3438",2016-04-07,0
"3439",2016-04-08,0
"3440",2016-04-09,0
"3441",2016-04-10,0
"3442",2016-04-11,0
"3443",2016-04-12,0
"3444",2016-04-13,0
"3445",2016-04-14,25
"3446",2016-04-15,0
"3447",2016-04-16,0
"3448",2016-04-17,0
"3449",2016-04-18,0
"3450",2016-04-19,112
"3451",2016-04-20,0
"3452",2016-04-21,0
"3453",2016-04-22,0
"3454",2016-04-23,8
"3455",2016-04-24,268
"3456",2016-04-25,155
"3457",2016-04-26,0
"3458",2016-04-27,159
"3459",2016-04-28,3
"3460",2016-04-29,0
"3461",2016-04-30,0
"3462",2016-05-01,0
"3463",2016-05-02,57
"3464",2016-05-03,185
"3465",2016-05-04,192
"3466",2016-05-05,2
"3467",2016-05-06,0
"3468",2016-05-07,0
"3469",2016-05-08,0
"3470",2016-05-09,0
"3471",2016-05-10,0
"3472",2016-05-11,0
"3473",2016-05-12,0
"3474",2016-05-13,0
"3475",2016-05-14,67
"3476",2016-05-15,201
"3477",2016-05-16,4
"3478",2016-05-17,0
"3479",2016-05-18,0
"3480",2016-05-19,103
"3481",2016-05-20,0
"3482",2016-05-21,0
"3483",2016-05-22,0
"3484",2016-05-23,13
"3485",2016-05-24,41
"3486",2016-05-25,0
"3487",2016-05-26,0
"3488",2016-05-27,0
"3489",2016-05-28,0
"3490",2016-05-29,0
"3491",2016-05-30,0
"3492",2016-05-31,0
"3493",2016-06-01,0
"3494",2016-06-02,0
"3495",2016-06-03,0
"3496",2016-06-04,0
"3497",2016-06-05,0
"3498",2016-06-06,0
"3499",2016-06-07,0
"3500",2016-06-08,0
"3501",2016-06-09,38
"3502",2016-06-10,0
"3503",2016-06-11,0
"3504",2016-06-12,0
"3505",2016-06-13,0
"3506",2016-06-14,0
"3507",2016-06-15,0
"3508",2016-06-16,0
"3509",2016-06-17,0
"3510",2016-06-18,0
"3511",2016-06-19,40
"3512",2016-06-20,3
"3513",2016-06-21,0
"3514",2016-06-22,0
"3515",2016-06-23,0
"3516",2016-06-24,0
"3517",2016-06-25,0
"3518",2016-06-26,0
"3519",2016-06-27,142
"3520",2016-06-28,0
"3521",2016-06-29,0
"3522",2016-06-30,0
"3523",2016-07-01,0
"3524",2016-07-02,0
"3525",2016-07-03,0
"3526",2016-07-04,0
"3527",2016-07-05,0
"3528",2016-07-06,0
"3529",2016-07-07,0
"3530",2016-07-08,0
"3531",2016-07-09,0
"3532",2016-07-10,0
"3533",2016-07-11,0
"3534",2016-07-12,0
"3535",2016-07-13,13
"3536",2016-07-14,160
"3537",2016-07-15,259
"3538",2016-07-16,104
"3539",2016-07-17,0
"3540",2016-07-18,0
"3541",2016-07-19,0
"3542",2016-07-20,0
"3543",2016-07-21,0
"3544",2016-07-22,0
"3545",2016-07-23,0
"3546",2016-07-24,0
"3547",2016-07-25,0
"3548",2016-07-26,0
"3549",2016-07-27,0
"3550",2016-07-28,0
"3551",2016-07-29,0
"3552",2016-07-30,0
"3553",2016-07-31,0
"3554",2016-08-01,0
"3555",2016-08-02,0
"3556",2016-08-03,0
"3557",2016-08-04,0
"3558",2016-08-05,66
"3559",2016-08-06,214
"3560",2016-08-07,0
"3561",2016-08-08,0
"3562",2016-08-09,0
"3563",2016-08-10,176
"3564",2016-08-11,4
"3565",2016-08-12,0
"3566",2016-08-13,0
"3567",2016-08-14,0
"3568",2016-08-15,0
"3569",2016-08-16,0
"3570",2016-08-17,0
"3571",2016-08-18,0
"3572",2016-08-19,0
"3573",2016-08-20,0
"3574",2016-08-21,89
"3575",2016-08-22,10
"3576",2016-08-23,0
"3577",2016-08-24,0
"3578",2016-08-25,0
"3579",2016-08-26,0
"3580",2016-08-27,0
"3581",2016-08-28,0
"3582",2016-08-29,0
"3583",2016-08-30,0
"3584",2016-08-31,0
"3585",2016-09-01,0
"3586",2016-09-02,0
"3587",2016-09-03,0
"3588",2016-09-04,0
"3589",2016-09-05,157
"3590",2016-09-06,190
"3591",2016-09-07,0
"3592",2016-09-08,0
"3593",2016-09-09,0
"3594",2016-09-10,0
"3595",2016-09-11,0
"3596",2016-09-12,0
"3597",2016-09-13,0
"3598",2016-09-14,0
"3599",2016-09-15,0
"3600",2016-09-16,0
"3601",2016-09-17,0
"3602",2016-09-18,0
"3603",2016-09-19,141
"3604",2016-09-20,0
"3605",2016-09-21,0
"3606",2016-09-22,0
"3607",2016-09-23,0
"3608",2016-09-24,0
"3609",2016-09-25,0
"3610",2016-09-26,0
"3611",2016-09-27,0
"3612",2016-09-28,0
"3613",2016-09-29,0
"3614",2016-09-30,0
"3615",2016-10-01,0
"3616",2016-10-02,0
"3617",2016-10-03,74
"3618",2016-10-04,0
"3619",2016-10-05,0
"3620",2016-10-06,0
"3621",2016-10-07,0
"3622",2016-10-08,0
"3623",2016-10-09,0
"3624",2016-10-10,0
"3625",2016-10-11,0
"3626",2016-10-12,0
"3627",2016-10-13,0
"3628",2016-10-14,0
"3629",2016-10-15,0
"3630",2016-10-16,0
"3631",2016-10-17,0
"3632",2016-10-18,0
"3633",2016-10-19,0
"3634",2016-10-20,0
"3635",2016-10-21,0
"3636",2016-10-22,0
"3637",2016-10-23,0
"3638",2016-10-24,0
"3639",2016-10-25,0
"3640",2016-10-26,0
"3641",2016-10-27,0
"3642",2016-10-28,0
"3643",2016-10-29,0
"3644",2016-10-30,0
"3645",2016-10-31,0
"3646",2016-11-01,0
"3647",2016-11-02,0
"3648",2016-11-03,0
"3649",2016-11-04,0
"3650",2016-11-05,0
"3651",2016-11-06,43
"3652",2016-11-07,2
"3653",2016-11-08,0
"3654",2016-11-09,0
"3655",2016-11-10,0
"3656",2016-11-11,75
"3657",2016-11-12,142
"3658",2016-11-13,0
"3659",2016-11-14,0
"3660",2016-11-15,0
"3661",2016-11-16,0
"3662",2016-11-17,0
"3663",2016-11-18,0
"3664",2016-11-19,0
"3665",2016-11-20,0
"3666",2016-11-21,0
"3667",2016-11-22,0
"3668",2016-11-23,0
"3669",2016-11-24,0
"3670",2016-11-25,0
"3671",2016-11-26,0
"3672",2016-11-27,0
"3673",2016-11-28,0
"3674",2016-11-29,0
"3675",2016-11-30,0
"3676",2016-12-01,0
"3677",2016-12-02,0
"3678",2016-12-03,0
"3679",2016-12-04,0
"3680",2016-12-05,0
"3681",2016-12-06,0
"3682",2016-12-07,0
"3683",2016-12-08,0
"3684",2016-12-09,0
"3685",2016-12-10,0
"3686",2016-12-11,0
"3687",2016-12-12,0
"3688",2016-12-13,0
"3689",2016-12-14,0
"3690",2016-12-15,0
"3691",2016-12-16,0
"3692",2016-12-17,0
"3693",2016-12-18,0
"3694",2016-12-19,0
"3695",2016-12-20,0
"3696",2016-12-21,0
"3697",2016-12-22,0
"3698",2016-12-23,0
"3699",2016-12-24,0
"3700",2016-12-25,0
"3701",2016-12-26,18
"3702",2016-12-27,205
"3703",2016-12-28,0
"3704",2016-12-29,0
"3705",2016-12-30,0
"3706",2016-12-31,0
"3707",2017-01-01,0
"3708",2017-01-02,0
"3709",2017-01-03,82
"3710",2017-01-04,79
"3711",2017-01-05,187
"3712",2017-01-06,59
"3713",2017-01-07,0
"3714",2017-01-08,0
"3715",2017-01-09,0
"3716",2017-01-10,0
"3717",2017-01-11,0
"3718",2017-01-12,0
"3719",2017-01-13,53
"3720",2017-01-14,115
"3721",2017-01-15,114
"3722",2017-01-16,144
"3723",2017-01-17,118
"3724",2017-01-18,0
"3725",2017-01-19,0
"3726",2017-01-20,0
"3727",2017-01-21,0
"3728",2017-01-22,0
"3729",2017-01-23,0
"3730",2017-01-24,0
"3731",2017-01-25,0
"3732",2017-01-26,0
"3733",2017-01-27,0
"3734",2017-01-28,0
"3735",2017-01-29,0
"3736",2017-01-30,0
"3737",2017-01-31,0
"3738",2017-02-01,0
"3739",2017-02-02,0
"3740",2017-02-03,0
"3741",2017-02-04,0
"3742",2017-02-05,0
"3743",2017-02-06,140
"3744",2017-02-07,0
"3745",2017-02-08,0
"3746",2017-02-09,0
"3747",2017-02-10,0
"3748",2017-02-11,0
"3749",2017-02-12,0
"3750",2017-02-13,0
"3751",2017-02-14,0
"3752",2017-02-15,0
"3753",2017-02-16,0
"3754",2017-02-17,28
"3755",2017-02-18,2
"3756",2017-02-19,0
"3757",2017-02-20,0
"3758",2017-02-21,0
"3759",2017-02-22,0
"3760",2017-02-23,0
"3761",2017-02-24,96
"3762",2017-02-25,19
"3763",2017-02-26,0
"3764",2017-02-27,0
"3765",2017-02-28,0
"3766",2017-03-01,0
"3767",2017-03-02,0
"3768",2017-03-03,0
"3769",2017-03-04,0
"3770",2017-03-05,0
"3771",2017-03-06,0
"3772",2017-03-07,205
"3773",2017-03-08,28
"3774",2017-03-09,10
"3775",2017-03-10,176
"3776",2017-03-11,0
"3777",2017-03-12,0
"3778",2017-03-13,0
"3779",2017-03-14,0
"3780",2017-03-15,0
"3781",2017-03-16,0
"3782",2017-03-17,0
"3783",2017-03-18,0
"3784",2017-03-19,13
"3785",2017-03-20,0
"3786",2017-03-21,0
"3787",2017-03-22,0
"3788",2017-03-23,0
"3789",2017-03-24,0
"3790",2017-03-25,0
"3791",2017-03-26,0
"3792",2017-03-27,0
"3793",2017-03-28,0
"3794",2017-03-29,0
"3795",2017-03-30,0
"3796",2017-03-31,0
"3797",2017-04-01,0
"3798",2017-04-02,0
"3799",2017-04-03,0
"3800",2017-04-04,59
"3801",2017-04-05,3
"3802",2017-04-06,147
"3803",2017-04-07,0
"3804",2017-04-08,0
"3805",2017-04-09,0
"3806",2017-04-10,0
"3807",2017-04-11,33
"3808",2017-04-12,0
"3809",2017-04-13,0
"3810",2017-04-14,0
"3811",2017-04-15,0
"3812",2017-04-16,137
"3813",2017-04-17,20
"3814",2017-04-18,207
"3815",2017-04-19,226
"3816",2017-04-20,179
"3817",2017-04-21,0
"3818",2017-04-22,0
"3819",2017-04-23,0
"3820",2017-04-24,0
"3821",2017-04-25,0
"3822",2017-04-26,0
"3823",2017-04-27,0
"3824",2017-04-28,139
"3825",2017-04-29,0
"3826",2017-04-30,0
"3827",2017-05-01,0
"3828",2017-05-02,0
"3829",2017-05-03,0
"3830",2017-05-04,0
"3831",2017-05-05,0
"3832",2017-05-06,0
"3833",2017-05-07,0
"3834",2017-05-08,110
"3835",2017-05-09,8
"3836",2017-05-10,0
"3837",2017-05-11,0
"3838",2017-05-12,0
"3839",2017-05-13,0
"3840",2017-05-14,0
"3841",2017-05-15,0
"3842",2017-05-16,0
"3843",2017-05-17,0
"3844",2017-05-18,0
"3845",2017-05-19,0
"3846",2017-05-20,105
"3847",2017-05-21,0
"3848",2017-05-22,0
"3849",2017-05-23,0
"3850",2017-05-24,116
"3851",2017-05-25,0
"3852",2017-05-26,0
"3853",2017-05-27,0
"3854",2017-05-28,0
"3855",2017-05-29,0
"3856",2017-05-30,0
"3857",2017-05-31,0
"3858",2017-06-01,0
"3859",2017-06-02,0
"3860",2017-06-03,0
"3861",2017-06-04,0
"3862",2017-06-05,0
"3863",2017-06-06,0
"3864",2017-06-07,67
"3865",2017-06-08,0
"3866",2017-06-09,0
"3867",2017-06-10,0
"3868",2017-06-11,0
"3869",2017-06-12,0
"3870",2017-06-13,0
"3871",2017-06-14,0
"3872",2017-06-15,0
"3873",2017-06-16,90
"3874",2017-06-17,214
"3875",2017-06-18,8
"3876",2017-06-19,0
"3877",2017-06-20,0
"3878",2017-06-21,0
"3879",2017-06-22,0
"3880",2017-06-23,0
"3881",2017-06-24,0
"3882",2017-06-25,0
"3883",2017-06-26,0
"3884",2017-06-27,0
"3885",2017-06-28,0
"3886",2017-06-29,0
"3887",2017-06-30,0
"3888",2017-07-01,0
"3889",2017-07-02,65
"3890",2017-07-03,5
"3891",2017-07-04,0
"3892",2017-07-05,0
"3893",2017-07-06,0
"3894",2017-07-07,0
"3895",2017-07-08,0
"3896",2017-07-09,0
"3897",2017-07-10,0
"3898",2017-07-11,0
"3899",2017-07-12,0
"3900",2017-07-13,0
"3901",2017-07-14,0
"3902",2017-07-15,224
"3903",2017-07-16,2
"3904",2017-07-17,0
"3905",2017-07-18,0
"3906",2017-07-19,0
"3907",2017-07-20,0
"3908",2017-07-21,0
"3909",2017-07-22,0
"3910",2017-07-23,0
"3911",2017-07-24,64
"3912",2017-07-25,152
"3913",2017-07-26,159
"3914",2017-07-27,2
"3915",2017-07-28,0
"3916",2017-07-29,0
"3917",2017-07-30,0
"3918",2017-07-31,0
"3919",2017-08-01,0
"3920",2017-08-02,0
"3921",2017-08-03,0
"3922",2017-08-04,0
"3923",2017-08-05,0
"3924",2017-08-06,38
"3925",2017-08-07,0
"3926",2017-08-08,0
"3927",2017-08-09,0
"3928",2017-08-10,0
"3929",2017-08-11,0
"3930",2017-08-12,86
"3931",2017-08-13,0
"3932",2017-08-14,0
"3933",2017-08-15,0
"3934",2017-08-16,0
"3935",2017-08-17,0
"3936",2017-08-18,0
"3937",2017-08-19,31
"3938",2017-08-20,88
"3939",2017-08-21,0
"3940",2017-08-22,0
"3941",2017-08-23,0
"3942",2017-08-24,0
"3943",2017-08-25,0
"3944",2017-08-26,0
"3945",2017-08-27,0
"3946",2017-08-28,0
"3947",2017-08-29,0
"3948",2017-08-30,0
"3949",2017-08-31,0
"3950",2017-09-01,0
"3951",2017-09-02,131
"3952",2017-09-03,135
"3953",2017-09-04,0
"3954",2017-09-05,0
"3955",2017-09-06,0
"3956",2017-09-07,0
"3957",2017-09-08,0
"3958",2017-09-09,0
"3959",2017-09-10,0
"3960",2017-09-11,0
"3961",2017-09-12,97
"3962",2017-09-13,0
"3963",2017-09-14,7
"3964",2017-09-15,9
"3965",2017-09-16,0
"3966",2017-09-17,0
"3967",2017-09-18,0
"3968",2017-09-19,162
"3969",2017-09-20,121
"3970",2017-09-21,0
"3971",2017-09-22,0
"3972",2017-09-23,0
"3973",2017-09-24,0
"3974",2017-09-25,0
"3975",2017-09-26,0
"3976",2017-09-27,0
"3977",2017-09-28,0
"3978",2017-09-29,0
"3979",2017-09-30,0
"3980",2017-10-01,0
"3981",2017-10-03,0
"3982",2017-10-04,0
"3983",2017-10-05,0
"3984",2017-10-06,176
"3985",2017-10-07,3
"3986",2017-10-08,0
"3987",2017-10-09,0
"3988",2017-10-10,0
"3989",2017-10-11,0
"3990",2017-10-12,0
"3991",2017-10-13,0
"3992",2017-10-14,0
"3993",2017-10-15,0
"3994",2017-10-16,0
"3995",2017-10-17,0
"3996",2017-10-18,0
"3997",2017-10-19,0
"3998",2017-10-20,0
"3999",2017-10-21,0
"4000",2017-10-22,62
"4001",2017-10-23,205
"4002",2017-10-24,3
"4003",2017-10-25,0
"4004",2017-10-26,0
"4005",2017-10-27,112
"4006",2017-10-28,10
"4007",2017-10-29,103
"4008",2017-10-30,61
"4009",2017-10-31,0
"4010",2017-11-01,0
"4011",2017-11-02,0
"4012",2017-11-03,0
"4013",2017-11-04,0
"4014",2017-11-05,0
"4015",2017-11-06,88
"4016",2017-11-07,0
"4017",2017-11-08,0
"4018",2017-11-09,0
"4019",2017-11-10,0
"4020",2017-11-11,0
"4021",2017-11-12,16
"4022",2017-11-13,280
"4023",2017-11-14,44
"4024",2017-11-15,0
"4025",2017-11-16,0
"4026",2017-11-17,0
"4027",2017-11-18,0
"4028",2017-11-19,122
"4029",2017-11-20,0
"4030",2017-11-21,0
"4031",2017-11-22,0
"4032",2017-11-23,0
"4033",2017-11-24,0
"4034",2017-11-25,11
"4035",2017-11-26,249
"4036",2017-11-27,5
"4037",2017-11-28,0
"4038",2017-11-29,0
"4039",2017-11-30,143
"4040",2017-12-01,0
"4041",2017-12-02,0
"4042",2017-12-03,0
"4043",2017-12-04,0
"4044",2017-12-05,0
"4045",2017-12-06,0
"4046",2017-12-07,0
"4047",2017-12-08,33
"4048",2017-12-09,175
"4049",2017-12-10,0
"4050",2017-12-11,0
"4051",2017-12-12,0
"4052",2017-12-13,0
"4053",2017-12-14,0
"4054",2017-12-15,0
"4055",2017-12-16,0
"4056",2017-12-17,111
"4057",2017-12-18,0
"4058",2017-12-19,0
"4059",2017-12-20,0
"4060",2017-12-21,0
"4061",2017-12-22,0
"4062",2017-12-23,0
"4063",2017-12-24,0
"4064",2017-12-25,0
"4065",2017-12-26,0
"4066",2017-12-27,0
"4067",2017-12-28,215
"4068",2017-12-29,77
"4069",2017-12-30,0
"4070",2017-12-31,0
"4071",2018-01-01,0
"4072",2018-01-02,57
"4073",2018-01-03,0
"4074",2018-01-04,0
"4075",2018-01-05,0
"4076",2018-01-06,0
"4077",2018-01-07,0
"4078",2018-01-08,0
"4079",2018-01-09,0
"4080",2018-01-10,0
"4081",2018-01-11,0
"4082",2018-01-12,0
"4083",2018-01-13,0
"4084",2018-01-14,0
"4085",2018-01-15,0
"4086",2018-01-16,0
"4087",2018-01-17,29
"4088",2018-01-18,0
"4089",2018-01-19,44
"4090",2018-01-20,0
"4091",2018-01-21,80
"4092",2018-01-22,0
"4093",2018-01-23,0
"4094",2018-01-24,0
"4095",2018-01-25,0
"4096",2018-01-26,0
"4097",2018-01-27,0
"4098",2018-01-28,0
"4099",2018-01-29,0
"4100",2018-01-30,0
"4101",2018-01-31,0
"4102",2018-02-01,0
"4103",2018-02-02,0
"4104",2018-02-03,143
"4105",2018-02-04,0
"4106",2018-02-05,0
"4107",2018-02-06,0
"4108",2018-02-07,0
"4109",2018-02-08,0
"4110",2018-02-09,0
"4111",2018-02-10,57
"4112",2018-02-11,0
"4113",2018-02-12,117
"4114",2018-02-13,35
"4115",2018-02-14,0
"4116",2018-02-15,0
"4117",2018-02-16,0
"4118",2018-02-17,0
"4119",2018-02-18,0
"4120",2018-02-19,0
"4121",2018-02-20,0
"4122",2018-02-21,0
"4123",2018-02-22,0
"4124",2018-02-23,0
"4125",2018-02-24,0
"4126",2018-02-25,0
"4127",2018-02-26,8
"4128",2018-02-27,3
"4129",2018-02-28,0
"4130",2018-03-01,0
"4131",2018-03-02,0
"4132",2018-03-03,0
"4133",2018-03-04,0
"4134",2018-03-05,0
"4135",2018-03-06,0
"4136",2018-03-07,0
"4137",2018-03-08,0
"4138",2018-03-09,0
"4139",2018-03-10,0
"4140",2018-03-11,0
"4141",2018-03-12,0
"4142",2018-03-13,0
"4143",2018-03-14,0
"4144",2018-03-15,0
"4145",2018-03-16,0
"4146",2018-03-17,0
"4147",2018-03-18,0
"4148",2018-03-19,0
"4149",2018-03-20,78
"4150",2018-03-21,97
"4151",2018-03-22,41
"4152",2018-03-23,119
"4153",2018-03-24,0
"4154",2018-03-25,0
"4155",2018-03-26,50
"4156",2018-03-27,0
"4157",2018-03-28,0
"4158",2018-03-29,0
"4159",2018-03-30,0
"4160",2018-03-31,0
"4161",2018-04-01,122
"4162",2018-04-02,3
"4163",2018-04-03,0
"4164",2018-04-04,0
"4165",2018-04-05,36
"4166",2018-04-06,0
"4167",2018-04-07,0
"4168",2018-04-08,0
"4169",2018-04-09,0
"4170",2018-04-10,0
"4171",2018-04-11,0
"4172",2018-04-12,0
"4173",2018-04-13,0
"4174",2018-04-14,0
"4175",2018-04-15,0
"4176",2018-04-16,14
"4177",2018-04-17,0
"4178",2018-04-18,0
"4179",2018-04-19,0
"4180",2018-04-20,0
"4181",2018-04-21,0
"4182",2018-04-22,0
"4183",2018-04-23,0
"4184",2018-04-24,0
"4185",2018-04-25,0
"4186",2018-04-26,0
"4187",2018-04-27,0
"4188",2018-04-28,0
"4189",2018-04-29,0
"4190",2018-04-30,0
"4191",2018-05-01,0
"4192",2018-05-02,0
"4193",2018-05-03,0
"4194",2018-05-04,0
"4195",2018-05-05,0
"4196",2018-05-06,0
"4197",2018-05-07,0
"4198",2018-05-08,0
"4199",2018-05-09,0
"4200",2018-05-10,0
"4201",2018-05-11,0
"4202",2018-05-12,0
"4203",2018-05-13,0
"4204",2018-05-14,0
"4205",2018-05-15,0
"4206",2018-05-16,0
"4207",2018-05-17,0
"4208",2018-05-18,0
"4209",2018-05-19,0
"4210",2018-05-20,0
"4211",2018-05-21,0
"4212",2018-05-22,0
"4213",2018-05-23,0
"4214",2018-05-24,0
"4215",2018-05-25,0
"4216",2018-05-26,0
"4217",2018-05-27,0
"4218",2018-05-28,0
"4219",2018-05-29,0
"4220",2018-05-30,0
"4221",2018-05-31,0
"4222",2018-06-01,0
"4223",2018-06-02,0
"4224",2018-06-03,0
"4225",2018-06-04,0
"4226",2018-06-05,0
"4227",2018-06-06,0
"4228",2018-06-07,0
"4229",2018-06-08,0
"4230",2018-06-09,0
"4231",2018-06-10,0
"4232",2018-06-11,0
"4233",2018-06-12,0
"4234",2018-06-13,55
"4235",2018-06-14,0
"4236",2018-06-15,0
"4237",2018-06-16,0
"4238",2018-06-17,0
"4239",2018-06-18,0
"4240",2018-06-19,0
"4241",2018-06-20,0
"4242",2018-06-21,0
"4243",2018-06-22,218
"4244",2018-06-23,0
"4245",2018-06-24,0
"4246",2018-06-25,0
"4247",2018-06-26,0
"4248",2018-06-27,25
"4249",2018-06-28,0
"4250",2018-06-29,0
"4251",2018-06-30,0
"4252",2018-07-01,0
"4253",2018-07-02,0
"4254",2018-07-03,0
"4255",2018-07-04,0
"4256",2018-07-05,0
"4257",2018-07-06,116
"4258",2018-07-07,64
"4259",2018-07-08,0
"4260",2018-07-09,0
"4261",2018-07-10,0
"4262",2018-07-11,0
"4263",2018-07-12,0
"4264",2018-07-13,0
"4265",2018-07-14,0
"4266",2018-07-15,0
"4267",2018-07-16,0
"4268",2018-07-17,95
"4269",2018-07-18,0
"4270",2018-07-19,0
"4271",2018-07-20,0
"4272",2018-07-21,0
"4273",2018-07-22,0
"4274",2018-07-23,29
"4275",2018-07-24,0
"4276",2018-07-25,0
"4277",2018-07-26,0
"4278",2018-07-27,0
"4279",2018-07-28,0
"4280",2018-07-29,0
"4281",2018-07-30,0
"4282",2018-07-31,0
"4283",2018-08-01,2
"4284",2018-08-02,0
"4285",2018-08-03,0
"4286",2018-08-04,0
"4287",2018-08-05,0
"4288",2018-08-06,0
"4289",2018-08-07,0
"4290",2018-08-08,0
"4291",2018-08-09,0
"4292",2018-08-10,0
"4293",2018-08-11,0
"4294",2018-08-12,0
"4295",2018-08-13,0
"4296",2018-08-14,0
"4297",2018-08-15,0
"4298",2018-08-16,0
"4299",2018-08-17,0
"4300",2018-08-18,0
"4301",2018-08-19,0
"4302",2018-08-20,0
"4303",2018-08-21,0
"4304",2018-08-22,0
"4305",2018-08-23,0
"4306",2018-08-24,0
"4307",2018-08-25,38
"4308",2018-08-26,126
"4309",2018-08-27,0
"4310",2018-08-28,0
"4311",2018-08-29,0
"4312",2018-08-30,0
"4313",2018-08-31,0
"4314",2018-09-01,0
"4315",2018-09-02,0
"4316",2018-09-03,0
"4317",2018-09-04,0
"4318",2018-09-05,0
"4319",2018-09-06,0
"4320",2018-09-07,0
"4321",2018-09-08,0
"4322",2018-09-09,0
"4323",2018-09-10,0
"4324",2018-09-11,0
"4325",2018-09-12,0
"4326",2018-09-13,0
"4327",2018-09-14,0
"4328",2018-09-15,0
"4329",2018-09-16,0
"4330",2018-09-17,0
"4331",2018-09-18,0
"4332",2018-09-19,0
"4333",2018-09-20,0
"4334",2018-09-21,0
"4335",2018-09-22,0
"4336",2018-09-23,0
"4337",2018-09-24,190
"4338",2018-09-25,0
"4339",2018-09-26,0
"4340",2018-09-27,0
"4341",2018-09-28,0
"4342",2018-09-29,0
"4343",2018-09-30,0
"4344",2018-10-01,119
"4345",2018-10-02,23
"4346",2018-10-03,0
"4347",2018-10-04,0
"4348",2018-10-05,0
"4349",2018-10-06,0
"4350",2018-10-07,0
"4351",2018-10-08,0
"4352",2018-10-09,0
"4353",2018-10-10,0
"4354",2018-10-11,0
"4355",2018-10-12,0
"4356",2018-10-13,0
"4357",2018-10-14,0
"4358",2018-10-15,0
"4359",2018-10-16,0
"4360",2018-10-17,0
"4361",2018-10-18,0
"4362",2018-10-19,0
"4363",2018-10-20,0
"4364",2018-10-21,0
"4365",2018-10-22,0
"4366",2018-10-23,0
"4367",2018-10-24,112
"4368",2018-10-25,0
"4369",2018-10-26,0
"4370",2018-10-27,0
"4371",2018-10-28,0
"4372",2018-10-29,0
"4373",2018-10-30,0
"4374",2018-10-31,0
"4375",2018-11-01,0
"4376",2018-11-02,0
"4377",2018-11-03,0
"4378",2018-11-04,0
"4379",2018-11-05,0
"4380",2018-11-06,0
"4381",2018-11-07,0
"4382",2018-11-08,0
"4383",2018-11-09,0
"4384",2018-11-10,0
"4385",2018-11-11,0
"4386",2018-11-12,0
"4387",2018-11-13,0
"4388",2018-11-14,0
"4389",2018-11-15,0
"4390",2018-11-16,0
"4391",2018-11-17,0
"4392",2018-11-18,0
"4393",2018-11-19,0
"4394",2018-11-20,0
"4395",2018-11-21,0
"4396",2018-11-22,0
"4397",2018-11-23,0
"4398",2018-11-24,0
"4399",2018-11-25,0
"4400",2018-11-26,0
"4401",2018-11-27,255
"4402",2018-11-28,10
"4403",2018-11-29,0
"4404",2018-11-30,0
"4405",2018-12-01,0
"4406",2018-12-02,0
"4407",2018-12-03,0
"4408",2018-12-04,45
"4409",2018-12-05,0
"4410",2018-12-06,0
"4411",2018-12-07,0
"4412",2018-12-08,107
"4413",2018-12-09,28
"4414",2018-12-10,44
"4415",2018-12-11,115
"4416",2018-12-12,0
"4417",2018-12-13,0
"4418",2018-12-14,0
"4419",2018-12-15,0
"4420",2018-12-16,0
"4421",2018-12-17,0
"4422",2018-12-18,0
"4423",2018-12-19,0
"4424",2018-12-20,0
"4425",2018-12-21,0
"4426",2018-12-22,0
"4427",2018-12-23,0
"4428",2018-12-24,114
"4429",2018-12-25,0
"4430",2018-12-26,0
"4431",2018-12-27,0
"4432",2018-12-28,0
"4433",2018-12-29,0
"4434",2018-12-30,130
"4435",2018-12-31,0
"4436",2019-01-01,0
"4437",2019-01-02,239
"4438",2019-01-03,248
"4439",2019-01-04,1
"4440",2019-01-05,62
"4441",2019-01-06,248
"4442",2019-01-07,79
"4443",2019-01-08,47
"4444",2019-01-09,166
"4445",2019-01-10,237
"4446",2019-01-11,118
"4447",2019-01-12,0
"4448",2019-01-13,36
"4449",2019-01-14,50
"4450",2019-01-15,27
"4451",2019-01-16,0
"4452",2019-01-17,0
"4453",2019-01-18,72
"4454",2019-01-19,0
"4455",2019-01-20,0
"4456",2019-01-21,0
"4457",2019-01-22,0
"4458",2019-01-23,0
"4459",2019-01-24,0
"4460",2019-01-25,123
"4461",2019-01-26,0
"4462",2019-01-27,0
"4463",2019-01-28,130
"4464",2019-01-29,18
"4465",2019-01-30,0
"4466",2019-01-31,0
"4467",2019-02-01,0
"4468",2019-02-02,0
"4469",2019-02-03,144
"4470",2019-02-04,19
"4471",2019-02-05,0
"4472",2019-02-06,0
"4473",2019-02-07,0
"4474",2019-02-08,0
"4475",2019-02-09,0
"4476",2019-02-10,0
"4477",2019-02-11,172
"4478",2019-02-12,143
"4479",2019-02-13,0
"4480",2019-02-14,0
"4481",2019-02-15,0
"4482",2019-02-16,0
"4483",2019-02-17,0
"4484",2019-02-18,0
"4485",2019-02-19,0
"4486",2019-02-20,0
"4487",2019-02-21,0
"4488",2019-02-22,117
"4489",2019-02-23,0
"4490",2019-02-24,0
"4491",2019-02-25,0
"4492",2019-02-26,0
"4493",2019-02-27,0
"4494",2019-02-28,0
"4495",2019-03-01,64
"4496",2019-03-02,3
"4497",2019-03-03,0
"4498",2019-03-04,0
"4499",2019-03-05,0
"4500",2019-03-06,0
"4501",2019-03-07,0
"4502",2019-03-08,0
"4503",2019-03-09,0
"4504",2019-03-10,0
"4505",2019-03-11,156
"4506",2019-03-12,0
"4507",2019-03-13,46
"4508",2019-03-14,5
"4509",2019-03-15,1
"4510",2019-03-16,0
"4511",2019-03-17,0
"4512",2019-03-18,186
"4513",2019-03-19,0
"4514",2019-03-20,0
"4515",2019-03-21,0
"4516",2019-03-22,0
"4517",2019-03-23,0
"4518",2019-03-24,0
"4519",2019-03-25,171
"4520",2019-03-26,125
"4521",2019-03-27,0
"4522",2019-03-28,0
"4523",2019-03-29,0
"4524",2019-03-30,0
"4525",2019-03-31,0
"4526",2019-04-01,0
"4527",2019-04-02,0
"4528",2019-04-03,0
"4529",2019-04-04,0
"4530",2019-04-05,0
"4531",2019-04-06,0
"4532",2019-04-07,0
"4533",2019-04-08,0
"4534",2019-04-09,0
"4535",2019-04-10,0
"4536",2019-04-11,0
"4537",2019-04-12,0
"4538",2019-04-13,0
"4539",2019-04-14,0
"4540",2019-04-15,0
"4541",2019-04-16,0
"4542",2019-04-17,0
"4543",2019-04-18,0
"4544",2019-04-19,0
"4545",2019-04-20,0
"4546",2019-04-21,0
"4547",2019-04-22,0
"4548",2019-04-23,0
"4549",2019-04-24,0
"4550",2019-04-25,0
"4551",2019-04-26,0
"4552",2019-04-27,0
"4553",2019-04-28,246
"4554",2019-04-29,248
"4555",2019-04-30,125
"4556",2019-05-01,0
"4557",2019-05-02,0
"4558",2019-05-03,0
"4559",2019-05-04,20
"4560",2019-05-05,285
"4561",2019-05-06,181
"4562",2019-05-07,0
"4563",2019-05-08,0
"4564",2019-05-09,0
"4565",2019-05-10,0
"4566",2019-05-11,0
"4567",2019-05-12,254
"4568",2019-05-13,98
"4569",2019-05-14,115
"4570",2019-05-15,43
"4571",2019-05-16,0
"4572",2019-05-17,0
"4573",2019-05-18,0
"4574",2019-05-19,0
"4575",2019-05-20,0
"4576",2019-05-21,22
"4577",2019-05-22,0
"4578",2019-05-23,0
"4579",2019-05-24,0
"4580",2019-05-25,0
"4581",2019-05-26,0
"4582",2019-05-27,0
"4583",2019-05-28,28
"4584",2019-05-29,216
"4585",2019-05-30,2
"4586",2019-05-31,0
"4587",2019-06-01,0
"4588",2019-06-02,0
"4589",2019-06-03,0
"4590",2019-06-04,0
"4591",2019-06-05,0
"4592",2019-06-06,0
"4593",2019-06-07,0
"4594",2019-06-08,0
"4595",2019-06-09,0
"4596",2019-06-10,0
"4597",2019-06-11,0
"4598",2019-06-12,0
"4599",2019-06-13,0
"4600",2019-06-14,0
"4601",2019-06-15,0
"4602",2019-06-16,72
"4603",2019-06-17,0
"4604",2019-06-18,0
"4605",2019-06-19,0
"4606",2019-06-20,0
"4607",2019-06-21,0
"4608",2019-06-22,0
"4609",2019-06-23,0
"4610",2019-06-24,0
"4611",2019-06-25,0
"4612",2019-06-26,0
"4613",2019-06-27,0
"4614",2019-06-28,0
"4615",2019-06-29,0
"4616",2019-06-30,0
"4617",2019-07-01,0
"4618",2019-07-02,0
"4619",2019-07-03,0
"4620",2019-07-04,0
"4621",2019-07-05,0
"4622",2019-07-06,0
"4623",2019-07-07,84
"4624",2019-07-08,0
"4625",2019-07-09,0
"4626",2019-07-10,0
"4627",2019-07-11,0
"4628",2019-07-12,0
"4629",2019-07-13,151
"4630",2019-07-14,2
"4631",2019-07-15,0
"4632",2019-07-16,0
"4633",2019-07-17,0
"4634",2019-07-18,0
"4635",2019-07-19,0
"4636",2019-07-20,0
"4637",2019-07-21,0
"4638",2019-07-22,0
"4639",2019-07-23,0
"4640",2019-07-24,0
"4641",2019-07-25,0
"4642",2019-07-26,0
"4643",2019-07-27,0
"4644",2019-07-28,16
"4645",2019-07-29,11
"4646",2019-07-30,0
"4647",2019-07-31,0
"4648",2019-08-01,0
"4649",2019-08-02,0
"4650",2019-08-03,0
"4651",2019-08-04,0
"4652",2019-08-05,0
"4653",2019-08-06,0
"4654",2019-08-07,0
"4655",2019-08-08,0
"4656",2019-08-09,0
"4657",2019-08-10,0
"4658",2019-08-11,0
"4659",2019-08-12,0
"4660",2019-08-13,54
"4661",2019-08-14,45
"4662",2019-08-15,0
"4663",2019-08-16,0
"4664",2019-08-17,0
"4665",2019-08-18,0
"4666",2019-08-19,0
"4667",2019-08-20,0
"4668",2019-08-21,0
"4669",2019-08-22,0
"4670",2019-08-23,0
"4671",2019-08-24,0
"4672",2019-08-25,0
"4673",2019-08-26,0
"4674",2019-08-27,0
"4675",2019-08-28,0
"4676",2019-08-29,0
"4677",2019-08-30,0
"4678",2019-08-31,0
"4679",2019-09-01,0
"4680",2019-09-02,9
"4681",2019-09-03,0
"4682",2019-09-04,0
"4683",2019-09-05,1
"4684",2019-09-06,0
"4685",2019-09-07,0
"4686",2019-09-08,0
"4687",2019-09-09,6
"4688",2019-09-10,0
"4689",2019-09-11,0
"4690",2019-09-12,0
"4691",2019-09-13,0
"4692",2019-09-14,0
"4693",2019-09-15,0
"4694",2019-09-16,0
"4695",2019-09-17,0
"4696",2019-09-18,0
"4697",2019-09-19,0
"4698",2019-09-23,0
"4699",2019-09-24,0
"4700",2019-09-25,0
"4701",2019-09-26,0
"4702",2019-09-27,0
"4703",2019-09-28,0
"4704",2019-09-29,0
"4705",2019-09-30,0
"4706",2019-10-01,0
"4707",2019-10-02,25
"4708",2019-10-03,112
"4709",2019-10-04,0
"4710",2019-10-05,0
"4711",2019-10-06,0
"4712",2019-10-07,0
"4713",2019-10-08,0
"4714",2019-10-09,0
"4715",2019-10-10,0
"4716",2019-10-11,0
"4717",2019-10-12,0
"4718",2019-10-13,0
"4719",2019-10-14,0
"4720",2019-10-15,0
"4721",2019-10-16,0
"4722",2019-10-17,0
"4723",2019-10-18,0
"4724",2019-10-19,0
"4725",2019-10-20,0
"4726",2019-10-21,0
"4727",2019-10-22,0
"4728",2019-10-23,0
"4729",2019-10-24,0
"4730",2019-10-25,0
"4731",2019-10-26,0
"4732",2019-10-27,0
"4733",2019-10-28,0
"4734",2019-10-29,0
"4735",2019-10-30,0
"4736",2019-10-31,0
"4737",2019-11-01,0
"4738",2019-11-02,0
"4739",2019-11-03,0
"4740",2019-11-04,0
"4741",2019-11-05,0
"4742",2019-11-06,0
"4743",2019-11-07,0
"4744",2019-11-08,0
"4745",2019-11-09,0
"4746",2019-11-10,0
"4747",2019-11-11,0
"4748",2019-11-12,4
"4749",2019-11-13,155
"4750",2019-11-14,0
"4751",2019-11-15,0
"4752",2019-11-16,0
"4753",2019-11-17,0
"4754",2019-11-18,0
"4755",2019-11-19,0
"4756",2019-11-20,0
"4757",2019-11-21,0
"4758",2019-11-22,0
"4759",2019-11-23,0
"4760",2019-11-24,0
"4761",2019-11-25,0
"4762",2019-11-26,0
"4763",2019-11-27,0
"4764",2019-11-28,0
"4765",2019-11-29,0
"4766",2019-11-30,0
"4767",2019-12-01,0
"4768",2019-12-02,0
"4769",2019-12-03,0
"4770",2019-12-04,0
"4771",2019-12-05,0
"4772",2019-12-06,0
"4773",2019-12-07,0
"4774",2019-12-08,0
"4775",2019-12-09,0
"4776",2019-12-10,103
"4777",2019-12-11,0
"4778",2019-12-12,0
"4779",2019-12-13,0
"4780",2019-12-14,0
"4781",2019-12-15,0
"4782",2019-12-16,0
"4783",2019-12-17,0
"4784",2019-12-18,0
"4785",2019-12-19,0
"4786",2019-12-20,0
"4787",2019-12-21,0
"4788",2019-12-22,0
"4789",2019-12-23,56
"4790",2019-12-24,4
"4791",2019-12-25,95
"4792",2019-12-26,0
"4793",2019-12-27,0
"4794",2019-12-28,0
"4795",2019-12-29,0
"4796",2019-12-30,0
"4797",2019-12-31,0
